,url,testabilityRelevantCommentsInBody,title_mask,comment,prod_file,test_location,reviewer,orig_pr_group,pr_group,orig_ref_pattern,ref_pattern,Class,Count
0,https://github.com/palantir/atlasdb/pull/4878,none,Other,enum CassandraClientPoolHostLevelMetric was added for testing. registerPoolMetric extracted,cassandra/src/main/java/com/palantir/atlasdb/keyvalue/cassandra/pool/CassandraClientPoolMetrics.java,https://github.com/palantir/atlasdb/pull/4878/files#diff-4c0549920c59029b23d72664074adfe7e8983a978958533cacf276b759d4eb3fR47,Reviewer3,incl_ref_for_test,incl_ref_for_test,other,extract_method_for_invocation,,0.0
1,https://github.com/jcabi/jcabi-http/pull/118,,Other,irrelevant since developer added an entirely new class + test class,,,Reviewer3,irrelevant,irrelevant,,,,0.0
2,https://github.com/tomakehurst/wiremock/pull/1005/files,,Other,irrelevant since the developer only added logic (not refactoring),,,Reviewer3,irrelevant,irrelevant,,,,0.0
3,https://github.com/PegaSysEng/pantheon/pull/1284,,Other,developer only renamed two methods,,,Reviewer3,irrelevant,irrelevant,,,,0.0
4,https://github.com/line/armeria/pull/964,,Other,developer altered the return type of writePayload and added some code,grpc/src/main/java/com/linecorp/armeria/internal/grpc/ArmeriaMessageFramer.java,https://github.com/line/armeria/pull/964/files#diff-a063dc5a44bc921f5226f4597ab04f90ca8ae154d1d5a1b1fac030bfe97dbf93R57,Reviewer3,irrelevant,irrelevant,other,other,,0.0
5,https://github.com/linkedin/ambry/pull/242,promising: This change WIRES in the IdConverter,Other,developer added idConverter which led to in extended and slighty refactored tests,ambry-frontend/src/main/java/com.github.ambry.frontend/AmbryBlobStorageService.java,https://github.com/linkedin/ambry/pull/242/files#diff-554d944f3bc88157f7137df89a51895f3fbfb1165038fa279f904e4fe0485c9aR75,Reviewer3,incl_ref_for_test,incl_ref_for_test,other,extract_class_for_invocation,,0.0
6,https://github.com/Adobe-Consulting-Services/acs-aem-commons/pull/1445/files,promising:  INJECT the DCLM for the TESTS ,,developer added a constructor with an additional parameter for testing,bundle/src/main/java/com/adobe/acs/commons/reports/models/ReportRunner.java,https://github.com/Adobe-Consulting-Services/acs-aem-commons/pull/1445/files#diff-a996943049d7074bf2ef1dd04436c11de90418fc3e4de8457e051624dc30132cR78,Reviewer3,incl_ref_for_test,incl_ref_for_test,add_constructor_param,add_constructor_param,,
7,https://github.com/codice/ddf/pull/726,,Other,unsure: developer deleted config attributes (-> simple delete or 'refactoring'?),platform/security/sts/security-sts-ldaplogin/src/main/java/ddf/ldap/ldaplogin/SslLdapLoginModule.java,https://github.com/codice/ddf/pull/726/files#diff-c00a10eecd79a850a24d22a1bbc1d3cdcbaef35d78e349345309b521c3383437R123,Reviewer3,irrelevant,irrelevant,other,,,
8,https://github.com/jaegertracing/jaeger-client-java/pull/694,,Other,only code added,,,Reviewer2,irrelevant,irrelevant,,,,
9,https://github.com/neo4j-contrib/neo4j-graph-algorithms/pull/173,,Concurrency,"no test added or changed, only one removed",,,Reviewer2,irrelevant,irrelevant,,,,
10,https://github.com/Netflix/Hystrix/pull/1039,none,Concurrency,only code added,,https://github.com/Netflix/Hystrix/pull/1039/files#diff-871e3841ba74f85c142d4cf22f3040dc3f2fc82dc32ca3c37ca784506461e247R57,Reviewer2,irrelevant,incl_ref_for_test,,extract_attribute_for_assertion,,
11,https://github.com/facebook/rocksdb/pull/1167,,Concurrency,only code added,,,Reviewer2,irrelevant,irrelevant,,,,
12,https://github.com/apache/kafka/pull/4382,,Concurrency,changed code not used in testing,,,Reviewer2,irrelevant,irrelevant,,,,
13,https://github.com/pentaho/pentaho-metaverse/pull/15,,Concurrency,"access of newly tested method narrowed, not widened -> does not contribute to testability",,,Reviewer2,irrelevant,irrelevant,,,,
14,https://github.com/apache/rocketmq/pull/220,,Concurrency,only method-internals changed,,,Reviewer2,irrelevant,irrelevant,,,,
15,https://github.com/grpc/grpc-java/pull/386,,Concurrency,is bugfix; only refactoring is to un-extract method which does not help testability,,,Reviewer2,irrelevant,irrelevant,,,,
16,https://github.com/apache/bookkeeper/pull/1607,,Concurrency,no refactoring,,,Reviewer2,irrelevant,irrelevant,,,,
17,https://github.com/quarkusio/quarkus/pull/8676,,Concurrency,only changes within private code,,,Reviewer2,irrelevant,irrelevant,,,,
18,https://github.com/linkedin/dr-elephant/pull/496,none: bug description,Concurrency,AnalyticJobGeneratorHadoop2::fetchJobsFromSecondRetryQueue extracted and annotated with @VisibleForTesting,app/com/linkedin/drelephant/analysis/AnalyticJobGeneratorHadoop2.java,https://github.com/linkedin/dr-elephant/pull/496/files#diff-7779e09b0c551d9871e63bd2403686f1d09f7200a9ad64e433251b10c8fe232eR87,Reviewer2,incl_ref_for_test,incl_ref_for_test,extract_method_for_invocation,extract_method_for_invocation,,
19,https://github.com/Netflix/Hystrix/pull/742,,Inject,developer only added code,,,Reviewer3,irrelevant,irrelevant,,,,
20,https://github.com/linkedin/ambry/pull/708,,Inject,developer only added code,,,Reviewer3,irrelevant,irrelevant,,,,
21,https://github.com/apache/zeppelin/pull/3416,,Inject,developer only added code,,,Reviewer3,irrelevant,irrelevant,,,,
22,https://github.com/STAMP-project/dspot/pull/607,,Inject,developer only removed code,,,Reviewer3,irrelevant,irrelevant,,,,
23,https://github.com/pentaho/pentaho-kettle/pull/421,,Inject,developer only added code,,,Reviewer3,irrelevant,irrelevant,,,,
24,https://github.com/dropwizard/dropwizard/pull/677,,Inject,developer only added code,,,Reviewer3,irrelevant,irrelevant,,,,
25,https://github.com/square/wire/pull/617,,Inject,developer only added code,,,Reviewer3,irrelevant,irrelevant,,,,
26,https://github.com/kiegroup/appformer/pull/848,,Inject,"developer added code and refactored test, but did not refactor code for testing",,,Reviewer3,irrelevant,irrelevant,,,,
27,https://github.com/hazelcast/hazelcast/pull/4861,,Inject,developer only added code,,,Reviewer3,irrelevant,irrelevant,,,,
28,https://github.com/enonic/xp/pull/5860,,Inject,developer only added code,,,Reviewer3,irrelevant,irrelevant,,,,
29,https://github.com/ikasanEIP/ikasan/pull/111,,Inject,developer only added code,,,Reviewer3,irrelevant,irrelevant,,,,
30,https://github.com/googleapis/gax-java/pull/117,none,Inject,unsure: could also be irrelevant; private StreamingFactory is added to test new functionality. PagedListResponseFactory interaface extracted to override in test.,,https://github.com/googleapis/gax-java/pull/117/files#diff-9f172d3196abce0b8ed11a51feaa944de65978440f68763039023c12140a1cc7R405,Reviewer3,incl_ref_for_test,incl_ref_for_test,other,extract_class_for_override,,
31,https://github.com/threerings/getdown/pull/136,,Inject,developer only added code,,,Reviewer3,irrelevant,irrelevant,,,,
32,https://github.com/jcabi/jcabi-http/pull/221,,Inject,developer only added code,,,Reviewer3,irrelevant,irrelevant,,,,
33,https://github.com/pinpoint-apm/pinpoint/pull/604,,Inject,developer factored code to add new feature,,,Reviewer3,irrelevant,irrelevant,,,,
34,https://github.com/eclipse-archived/smarthome/pull/6160,,Inject,not exactly refactoring; developer added an updateStatus method call to avoid occassional testing failures,,,Reviewer3,only_ref_for_test,irrelevant,other,other,,
35,https://github.com/geoserver/geoserver/pull/1910,,Inject,developer introduced inheritance in test classes to test similar features,,https://github.com/geoserver/geoserver/pull/1910/files#diff-d097cae3cdd1ec4fddd8cf836dfa7f20bcbe76936d0550f6331a126e61ef7c53R22,Reviewer3,incl_ref_for_test,irrelevant,extract_class_for_override,,,
36,https://github.com/pinpoint-apm/pinpoint/pull/5093,,Inject,developer refactored code but not for testing,,,Reviewer3,irrelevant,irrelevant,,,,
37,https://github.com/geoserver/geoserver/pull/1911,,Inject,"related to previous 'geoserver' PR -> developer replaced superclass of OAuth2RestTemplateTest; However, 'extract_class_for_override' only applicable to previous PR",,https://github.com/geoserver/geoserver/pull/1911/files#diff-d097cae3cdd1ec4fddd8cf836dfa7f20bcbe76936d0550f6331a126e61ef7c53R22,Reviewer3,incl_ref_for_test,irrelevant,other,,,
38,https://github.com/networknt/light-4j/pull/282,,Inject,"Among others, developer adds an 'EndpointSource' that is used for a MockEndpointSource in the tests. However, it is mostly new code, not refactoring",,,Reviewer3,irrelevant,irrelevant,,,,
39,https://github.com/pentaho/pdi-sdk-plugins/pull/63,,Inject,reverts another PR,,,Reviewer3,irrelevant,irrelevant,,,,
40,https://github.com/GoogleCloudPlatform/google-cloud-eclipse/pull/2963,,Inject,developer only added code,,,Reviewer3,irrelevant,irrelevant,,,,
41,https://github.com/line/armeria/pull/1222,,Inject,developer only added code,,,Reviewer3,irrelevant,irrelevant,,,,
42,https://github.com/unic/neba/pull/273,,Inject,"unsure: It is refactoring to make the code more robust + the developer added an entire test file in this PR. However, I guess it is not refactoring for testing.",,,Reviewer3,irrelevant,irrelevant,,,,
43,https://github.com/JakeWharton/butterknife/pull/59,,Inject,developer only added code,,,Reviewer3,irrelevant,irrelevant,,,,
44,https://github.com/JakeWharton/butterknife/pull/35,,Inject,developer only added code,,,Reviewer3,irrelevant,irrelevant,,,,
45,https://github.com/thorntail/thorntail/pull/133,,Inject,developer only added code,,,Reviewer3,irrelevant,irrelevant,,,,
46,https://github.com/linkedin/ambry/pull/938,,Inject,developer only added code,,,Reviewer3,irrelevant,irrelevant,,,,
47,https://github.com/pentaho/pentaho-metaverse/pull/602,none,Inject,unsure: developer somehow simplifies the production code and introduces helper methods in the unit test; but it is not clearly refactoring for testability,,,Reviewer3,irrelevant,incl_ref_for_test,,extract_method_for_override,,
48,https://github.com/pentaho/pentaho-kettle/pull/2000,,Inject,developer only added code,,,Reviewer3,irrelevant,irrelevant,,,,
49,https://github.com/square/wire/pull/782,,Inject,developer only added code,,,Reviewer3,irrelevant,irrelevant,,,,
50,https://github.com/pentaho/pentaho-kettle/pull/854,,Inject,developer only added code,,,Reviewer3,irrelevant,irrelevant,,,,
51,https://github.com/enonic/xp/pull/2224,,Inject,developer only move code to another package,,,Reviewer3,irrelevant,irrelevant,,,,
52,https://github.com/palantir/atlasdb/pull/3660,,Inject,developer refactored code but not for testing,,,Reviewer3,irrelevant,irrelevant,,,,
53,https://github.com/square/okhttp/pull/71,,Concurrency,"mostly method internals changed, tests do not use the one new non-private method",,,Reviewer2,irrelevant,irrelevant,,,,
54,https://github.com/k9mail/k-9/pull/1307,,Concurrency,only sql queries changed,,,Reviewer2,irrelevant,irrelevant,,,,
55,https://github.com/line/armeria/pull/1971,,Concurrency,"new test only for added functionality, no refactoring",,,Reviewer2,irrelevant,irrelevant,,,,
56,https://github.com/qos-ch/logback/pull/401,,Concurrency,only method internals changed,,,Reviewer2,irrelevant,irrelevant,,,,
57,https://github.com/apache/kafka/pull/3574,,Concurrency,no test related refactoring,,,Reviewer2,irrelevant,irrelevant,,,,
58,https://github.com/graknlabs/grakn/pull/2498,,Concurrency,only new functionality,,,Reviewer2,irrelevant,irrelevant,,,,
59,https://github.com/bugsnag/bugsnag-android/pull/295,,Concurrency,"unsure if you want this to count as a refactoring or rather as ""new functionality"". The new method FileStore::deleteStoredFiles extracts and unifies code from multiple places (see SessionTracker and ErrorStore) and is also invoked in the new tests. While this sound like extract_method_for_invokation, it also includes a bit of new functionality (uses a lock), so it does not fit the definition of ""refactoring"" as I have learned it. So: maybe change to incl_ref_for_test and extract_method_for_invocation",,,Reviewer2,irrelevant,irrelevant,,,,
60,https://github.com/arangodb/arangodb-java-driver/pull/276,,Concurrency,only one new function added as public method and tested,,,Reviewer2,irrelevant,irrelevant,,,,
61,https://github.com/atlasapi/atlas/pull/1355,,Concurrency,new feature implemented and tested (new constr. param but not used for mocking or similar),,,Reviewer2,irrelevant,irrelevant,,,,
62,https://github.com/mybatis/mybatis-3/pull/1068,,Concurrency,only private class internals changed,,,Reviewer2,irrelevant,irrelevant,,,,
63,https://github.com/getsentry/sentry-java/pull/24,,Concurrency,"only bugfix, no refactoring",,,Reviewer2,irrelevant,irrelevant,,,,
64,https://github.com/NationalSecurityAgency/datawave/pull/675,,Concurrency,changes do not improve testability. Only protected fields -> private but public getter,,,Reviewer2,irrelevant,irrelevant,,,,
65,https://github.com/apache/rocketmq/pull/582,,Concurrency,"nothing new tested, only existing tests slightly modified to adapt to changed module api",,,Reviewer2,irrelevant,irrelevant,,,,
66,https://github.com/grpc/grpc-java/pull/7533,,Concurrency,only code added,,,Reviewer2,irrelevant,irrelevant,,,,
67,https://github.com/Netflix/titus-control-plane/pull/769,,Concurrency,only new feat. corresp. tests added (new constr. param but not mocked or similar),,,Reviewer2,irrelevant,irrelevant,,,,
68,https://github.com/zsmartsystems/com.zsmartsystems.zigbee/pull/154,,Concurrency,only added asserts that use methods that existed previously,,,Reviewer2,irrelevant,irrelevant,,,,
69,https://github.com/dropwizard/metrics/pull/1566,,Concurrency,"no changes to any interfaces, only thread safety related changes of internals",,,Reviewer2,irrelevant,irrelevant,,,,
70,https://github.com/java-native-access/jna/pull/446,,Concurrency,"unsure as long PR. Think irrelevant as few changes to existing code (no params added, no extractions, no access level changes) and all new methods are public => also no getter methods that might count as ""extract attribute""",,,Reviewer2,irrelevant,irrelevant,,,,
71,https://github.com/Terracotta-OSS/terracotta-core/pull/182,,Concurrency,only changes in math calculations,,,Reviewer2,irrelevant,irrelevant,,,,
72,https://github.com/apache/druid/pull/2878,promising: also REFACTORED RemoteTaskRunnerTest.java ,Concurrency,"RemoteTaskRunner::getWorkersWithUnacknowledgedTask added package private and used in testing code. However not used for asserts but for ""flow control"" timing",indexing-service/src/main/java/io/druid/indexing/overlord/RemoteTaskRunner.java,https://github.com/apache/druid/pull/2878/files#diff-a94425c85bb4e8059615bd3f9285014200623e52d9ad7a86b48bded3410259f4R84,Reviewer2,incl_ref_for_test,incl_ref_for_test,other,extract_attribute_for_assertion,,
73,https://github.com/azkaban/azkaban/pull/1366,,Concurrency,only internal threading-related changes,,,Reviewer2,irrelevant,irrelevant,,,,
74,https://github.com/Terracotta-OSS/terracotta-core/pull/703,,Concurrency,"no new tests, only adapted to match changed api",,,Reviewer2,irrelevant,irrelevant,,,,
75,https://github.com/apache/druid/pull/1760,,Concurrency,"unsure: no new tests added but don't remember what we said about if we should count this anyways as ""testability improvement"". Adds constructor parameter of type AbstractMonitor and tests use a custom noop implementation. Not familiar enough with testing approaches to know if the same was also fully possible beforehand.",,,Reviewer2,irrelevant,irrelevant,,,,
76,https://github.com/apache/tinkerpop/pull/226,,Concurrency,"no interface changes, just internals",,,Reviewer2,irrelevant,irrelevant,,,,
77,https://github.com/apache/kafka/pull/3140,,Concurrency,no interface changes,,,Reviewer2,irrelevant,irrelevant,,,,
78,https://github.com/grpc/grpc-java/pull/792,,Concurrency,no interface changes,,,Reviewer2,irrelevant,irrelevant,,,,
79,https://github.com/Alluxio/alluxio/pull/3783,promising: This change applies DEPENDENCY INJECTION ,Concurrency,"unsure: might be considered add_constructor_param or maybe extract_class_for_override, but actually creates a new interface ""Sleeper"" which abstracts the Thread.sleep function, used with (added) dependency injection via constructor. No code is extracted though and it is not like with add_constructor_param where I would expect the interface/variable to already exist.
Also: unsure about only_ref_for_test as there are quite a few changes but I think all are related",core/common/src/main/java/alluxio/heartbeat/SleepingTimer.java,https://github.com/Alluxio/alluxio/pull/3783/files#diff-e6bedaff0ccf307d6c18921e16bc7ec34518746f69c66ef222a18ff8be9b854eR48,Reviewer2,only_ref_for_test,only_ref_for_test,other,extract_class_for_override,,
80,https://github.com/apache/druid/pull/3943,,Concurrency,no interface changes,,,Reviewer2,irrelevant,irrelevant,,,,
81,https://github.com/apache/maven/pull/13,,Dependency,only fixes method-internal bug,,,Reviewer2,irrelevant,irrelevant,,,,
82,https://github.com/everit-org/json-schema/pull/384,,Dependency,"only new feature, no refactoring",,,Reviewer2,irrelevant,irrelevant,,,,
83,https://github.com/apache/storm/pull/1673,,Dependency,test changes not directly related to prod code changes,,,Reviewer2,irrelevant,irrelevant,,,,
84,https://github.com/togglz/togglz/pull/339,,Dependency,only code code style changes in prod code,,,Reviewer2,irrelevant,irrelevant,,,,
85,https://github.com/apache/kafka/pull/2389,,Dependency,no interface changes except for deletions,,,Reviewer2,irrelevant,irrelevant,,,,
86,https://github.com/apache/camel/pull/445,,Dependency,"no new tests, only adapt to code changes",,,Reviewer2,irrelevant,irrelevant,,,,
87,https://github.com/square/wire/pull/11,,Dependency,new feature; changed tests only add snapshot outputs for new features,,,Reviewer2,irrelevant,irrelevant,,,,
88,https://github.com/azkaban/azkaban/pull/1760,,Dependency,only new code. adds private method used for validation during init,,,Reviewer2,irrelevant,irrelevant,,,,
89,https://github.com/camunda/camunda-bpm-spring-boot-starter/pull/79,,Dependency,only code added,,,Reviewer2,irrelevant,irrelevant,,,,
90,https://github.com/apache/attic-apex-core/pull/563,,Dependency,only code added,,,Reviewer2,irrelevant,irrelevant,,,,
91,https://github.com/apache/skywalking/pull/4995,,Dependency,functional changes; the one added assert only uses previously existing methods,,,Reviewer2,irrelevant,irrelevant,,,,
92,https://github.com/antlr/antlr4/pull/1945,,Dependency,"only bugfixes, no api changes",,,Reviewer2,irrelevant,irrelevant,,,,
93,https://github.com/Sage-Bionetworks/Synapse-Repository-Services/pull/704,,Dependency,only deletes unused code,,,Reviewer2,irrelevant,irrelevant,,,,
94,https://github.com/Adobe-Consulting-Services/acs-aem-commons/pull/1088,none,Dependency,PageRootProviderConfig extracted and mocked in test,,https://github.com/Adobe-Consulting-Services/acs-aem-commons/pull/1088/files#diff-ecc3274cc205759605b9f50f62e7253014a15c969c9f56a78c2a0377df5fe6caR37,Reviewer2,incl_ref_for_test,incl_ref_for_test,other,extract_class_for_override,,
95,https://github.com/Adobe-Consulting-Services/acs-aem-commons/pull/1088,none,Dependency,getPageRootPatterns method extacted and tested,,https://github.com/Adobe-Consulting-Services/acs-aem-commons/pull/1088/files#diff-2c54f09d862d21aa99adc47d3820bbfa772a5e4c8ac54079fdd518398241bbd5R51,Reviewer2,incl_ref_for_test,incl_ref_for_test,other,extract_attribute_for_assertion,,
96,https://github.com/enonic/xp/pull/4019,,Dependency,"unsure: Some parts of ContentDependenciesResolver::resolveOutboundDependenciesAggregation are extracted into new class ContentOutboundDependenciesIdsResolver into method resolveOutboundDependenciesIds. It is published under ContentServiceImpl::getOutboundDependencies and tested separately. As it is however also used to replace code in ContentQueryJsonToContentQueryConverter::addOutboundContentIdsToFilter I'm not sure if this refactoring counts as ""for testing"". If so, change to extract_class_for_invocation. Apart from that, there are only minor changes for integration regarding code style, so maybe only_ref_for_test?",modules/core/core-content/src/main/java/com/enonic/xp/core/impl/content/ContentOutboundDependenciesIdsResolver.java,modules/core/core-content/src/main/java/com/enonic/xp/core/impl/content/ContentOutboundDependenciesIdsResolver.java,Reviewer2,irrelevant,incl_ref_for_test,,extract_class_for_invocation,,
97,https://github.com/census-instrumentation/opencensus-java/pull/199,,Dependency,only new features in prod code,,,Reviewer2,irrelevant,irrelevant,,,,
98,https://github.com/apache/commons-text/pull/25,,Dependency,"refactoring that creates custom interface to java.util.Random for abstraction, however not with the intention of improving testability (according to the issue)",,,Reviewer2,irrelevant,irrelevant,,,,
99,https://github.com/apache/kafka/pull/5007,,Dependency,"tests only relate to functional changes, no refactoring done",,,Reviewer2,irrelevant,irrelevant,,,,
100,https://github.com/jcabi/jcabi-http/pull/83,,Dependency,only new features in prod code,,,Reviewer2,irrelevant,irrelevant,,,,
101,https://github.com/GoogleCloudPlatform/cloud-opensource-java/pull/808,,Dependency,updated tests only use already existing methods,,,Reviewer2,irrelevant,irrelevant,,,,
102,https://github.com/jenkinsci/jira-plugin/pull/161,,Dependency,only deleted code,,,Reviewer2,irrelevant,irrelevant,,,,
103,https://github.com/jchambers/pushy/pull/599,,Dependency,only replaces external dependency with custom implementation & adds test,,,Reviewer2,irrelevant,irrelevant,,,,
104,https://github.com/knowm/XChange/pull/988,,Dependency,only removes class + test,,,Reviewer2,irrelevant,irrelevant,,,,
105,https://github.com/windup/windup/pull/1395,,Dependency,"prod code changed (mostly refactor) and tests added, but no refactoring for testability",,,Reviewer2,irrelevant,irrelevant,,,,
106,https://github.com/pentaho/pentaho-platform-plugin-reporting/pull/384,,Dependency,only adds new code + related tests,,,Reviewer2,irrelevant,irrelevant,,,,
107,https://github.com/mockito/mockito/pull/983,,Dependency,only bugfix,,,Reviewer2,irrelevant,irrelevant,,,,
108,https://github.com/folio-org/okapi/pull/1009,,Dependency,"bugfix, no interface changes",,,Reviewer2,irrelevant,irrelevant,,,,
109,https://github.com/folio-org/okapi/pull/828,,Dependency,no refactorings for testability,,,Reviewer2,irrelevant,irrelevant,,,,
110,https://github.com/WPIRoboticsProjects/GRIP/pull/52,,Dependency,"no new tests added, only modified to match changed module apis",,,Reviewer2,irrelevant,irrelevant,,,,
111,https://github.com/rsksmart/rskj/pull/1330,,Dependency,public interfaces unchanged,,,Reviewer2,irrelevant,irrelevant,,,,
112,https://github.com/Graylog2/graylog2-server/pull/5589,,Dependency,unsure: similar to enonic xp!4019. (small piece of) logic extracted from PipelineFacade::resolveNativeEntity (call to loadByName) to RuleService::findByName. Method is mocked in tests -> possibly extract_for_override. Only thing is that there also is a change in logic as it returns an empty optional if not found,graylog2-server/src/main/java/org/graylog/plugins/pipelineprocessor/db/RuleService.java,https://github.com/Graylog2/graylog2-server/pull/5589/files#diff-bdda79d493bc69d3a3fb1bed0cb8500fa0c04569287722a0ab423d0b5d8e0bc2R337,Reviewer2,irrelevant,incl_ref_for_test,,extract_method_for_override,,
113,https://github.com/microsoft/appcenter-sdk-android/pull/1351,,Dependency,"unsure: don't know enough about testing to decide if the tests would have been possible before. To get an HTTP client instance, com.microsoft.appcenter.http.HttpUtils::createHttpClient was used previously. Now com.microsoft.appcenter.DependencyConfiguration::getHttpClient preferred, the value of which can be set via DependencyConfiguration::setHttpClient. A mock http client is possible with the new code. Was it also possible with the createHttpClient approach?",sdk/appcenter-distribute/src/main/java/com/microsoft/appcenter/distribute/Distribute.java,https://github.com/microsoft/appcenter-sdk-android/pull/1351/files#diff-2bf3410a24308f47c09d1ce75f85cd98024c1a5629b786d3be796c3d9aa6717bR603,Reviewer2,irrelevant,incl_ref_for_test,,other,,
114,https://github.com/apache/maven/pull/123,,Dependency,only add deprecation warning and test for it,,,Reviewer2,irrelevant,irrelevant,,,,
115,https://github.com/apache/zeppelin/pull/1769,none,Dependency,extracts code from Booter::newRepositorySystemSession into Booter::resolveLocalRepoPath. Not strictly refactoring as the return path is now absolute -> incl_ref_for_test,zeppelin-interpreter/src/main/java/org/apache/zeppelin/dep/Booter.java,https://github.com/apache/zeppelin/pull/1769/files#diff-7c3fc048b9edf203141d2efae204cc4f747ef713b3ccd83c3185b06e058e4c06R32,Reviewer2,incl_ref_for_test,incl_ref_for_test,extract_method_for_invocation,extract_method_for_invocation,,
116,https://github.com/enonic/xp/pull/3979,,Dependency,"no new tests added, only modified to match changed module apis",,,Reviewer2,irrelevant,irrelevant,,,,
117,https://github.com/GoogleCloudPlatform/google-cloud-eclipse/pull/909,empty,Dependency,Added package private AppEngineLibrariesSelectorGroup::getLibraryButtons to access private instance field. Would be extract_attribute_for_assertion,plugins/com.google.cloud.tools.eclipse.appengine.ui/src/com/google/cloud/tools/eclipse/appengine/ui/AppEngineLibrariesSelectorGroup.java,https://github.com/GoogleCloudPlatform/google-cloud-eclipse/pull/909/files#diff-17ef0b508275ccbafb642dbd103b0c16bcef1a49004eee2f74691e0677243ea5R235,Reviewer2,incl_ref_for_test,incl_ref_for_test,other,extract_attribute_for_assertion,,
118,https://github.com/apache/maven/pull/121,,Dependency,only add deprecation warning and test for it,,,Reviewer2,irrelevant,irrelevant,,,,
119,https://github.com/SonarSource/sonar-java/pull/1238,,Dependency,only bugfix,,,Reviewer2,irrelevant,irrelevant,,,,
120,https://github.com/zsmartsystems/com.zsmartsystems.zigbee/pull/432,,Network,developer only added code,,,Reviewer3,irrelevant,irrelevant,,,,
121,https://github.com/web3j/web3j/pull/787,,Network,developer only added code,,,Reviewer3,irrelevant,irrelevant,,,,
122,https://github.com/eclipse/jetty.project/pull/2493,,Network,developer only fixed a bug,,,Reviewer3,irrelevant,irrelevant,,,,
123,https://github.com/grpc/grpc-java/pull/4649,,Network,"developer refactored code. however, not for testing.",,,Reviewer3,irrelevant,irrelevant,,,,
124,https://github.com/Netflix/titus-control-plane/pull/197,,Network,developer only added code,,,Reviewer3,irrelevant,irrelevant,,,,
125,https://github.com/HaraldWalker/user-agent-utils/pull/78,,Network,developer only added code,,,Reviewer3,irrelevant,irrelevant,,,,
126,https://github.com/HaraldWalker/user-agent-utils/pull/112,,Network,developer only added code,,,Reviewer3,irrelevant,irrelevant,,,,
127,https://github.com/yegor256/takes/pull/539,promising: MOCK socket REFACTORING,Network,see deleted ToDo in BkBasicTest; could also be 'only_ref_for_testing',src/main/java/org/takes/misc/Socket.java,https://github.com/yegor256/takes/pull/539/files#diff-43465e1cb115125a5bbd685ab728a26e4b73830b39e4d40daf2e471d1f813edfR63,Reviewer3,incl_ref_for_test,only_ref_for_test,extract_class_for_invocation,extract_class_for_invocation,,
128,https://github.com/k9mail/k-9/pull/567,,Network,"developer refactored code. however, not for testing.",,,Reviewer3,irrelevant,irrelevant,,,,
129,https://github.com/commons-app/apps-android-commons/pull/2184,,Network,developer only added code,,,Reviewer3,irrelevant,irrelevant,,,,
130,https://github.com/dropwizard/dropwizard/pull/2925,,Network,"developer refactored code. however, not for testing.",,,Reviewer3,irrelevant,irrelevant,,,,
131,https://github.com/zsmartsystems/com.zsmartsystems.zigbee/pull/322,,Network,developer only added code,,,Reviewer3,irrelevant,irrelevant,,,,
132,https://github.com/spotify/docker-client/pull/306,,Network,developer only added code,,,Reviewer3,irrelevant,irrelevant,,,,
133,https://github.com/zsmartsystems/com.zsmartsystems.zigbee/pull/483,none,Network,"unsure: developer refactored some code in ZigBeeNetworkManager to edit a unit test in this PR. However, I can not classify this into a specifc pattern.",com.zsmartsystems.zigbee/src/main/java/com/zsmartsystems/zigbee/ZigBeeNetworkManager.java,,Reviewer3,incl_ref_for_test,incl_ref_for_test,other,other,,
134,https://github.com/ConsenSys/tessera/pull/156,none,Network,"unsure: Developer factored quite a lot in this PR, incl. unit tests. SocketServerTest was simplified due to an altered parameter in SocketServer's constructor. ",nexus-socket/src/main/java/com/github/nexus/socket/SocketServer.java,https://github.com/ConsenSys/tessera/pull/156/files#diff-b0bb1c9c2baff7f822b23cea9ebe8f27630bc5ab4723d2d59ad40e2f4d72d512R61,Reviewer3,incl_ref_for_test,incl_ref_for_test,other,add_constructor_param,,
135,https://github.com/WPIRoboticsProjects/GRIP/pull/30,,Network,developer only reverted a PR,,,Reviewer3,irrelevant,irrelevant,,,,
136,https://github.com/geoserver/geoserver/pull/3234,,Network,developer only added code,,,Reviewer3,irrelevant,irrelevant,,,,
137,https://github.com/eclipse-vertx/vert.x/pull/3107,,Network,developer only added code,,,Reviewer3,irrelevant,irrelevant,,,,
138,https://github.com/grpc/grpc-java/pull/4345,,Network,developer only added code,,,Reviewer3,irrelevant,irrelevant,,,,
139,https://github.com/grpc/grpc-java/pull/3969,,Network,developer only added code,,,Reviewer3,irrelevant,irrelevant,,,,
140,https://github.com/jitsi/ice4j/pull/92,,Network,developer only added code,,,Reviewer3,irrelevant,irrelevant,,,,
141,https://github.com/rsksmart/rskj/pull/729,,Network,"developer refactored code. however, not for testing.",,,Reviewer3,irrelevant,irrelevant,,,,
142,https://github.com/GoogleCloudPlatform/appengine-plugins-core/pull/520,,Network,"developer refactored code. however, not for testing.",,,Reviewer3,irrelevant,irrelevant,,,,
143,https://github.com/zsmartsystems/com.zsmartsystems.zigbee/pull/672,,Network,developer only added code,,,Reviewer3,irrelevant,irrelevant,,,,
144,https://github.com/GoogleCloudPlatform/google-cloud-eclipse/pull/247,,Network,"developer refactored code. however, not for testing.",,,Reviewer3,irrelevant,irrelevant,,,,
145,https://github.com/ConsenSys/tessera/pull/346,,Network,developer only added code,,,Reviewer3,irrelevant,irrelevant,,,,
146,https://github.com/Sage-Bionetworks/Synapse-Repository-Services/pull/3284,,Network,developer only added code,,,Reviewer3,irrelevant,irrelevant,,,,
147,https://github.com/eclipse/jetty.project/pull/3365,,Network,developer only added code,,,Reviewer3,irrelevant,irrelevant,,,,
148,https://github.com/jenkinsci/ec2-plugin/pull/447,,Network,developer only added code,,,Reviewer3,irrelevant,irrelevant,,,,
149,https://github.com/dropwizard/dropwizard/pull/2317,none,Network,"unsure: developer replaced old code with new. Therefore, he also edited (and simplified) TcpSocketAppenderFactoryTest. However, this PR could also be interpreted as not related to testability.",dropwizard-logging/src/test/java/io/dropwizard/logging/TcpServer.java,https://github.com/dropwizard/dropwizard/pull/2317/files#diff-ea9702e608c027f4c9cea4297e63a04b9ab392a4d93f93022905e9f4e57e6f72R30,Reviewer3,incl_ref_for_test,irrelevant,create_constructor,create_constructor,,
150,https://github.com/linkedin/ambry/pull/1601,,Network,developer only fixed a bug,,,Reviewer3,irrelevant,irrelevant,,,,
151,https://github.com/floodlight/floodlight/pull/60,,Network,developer only added code,,,Reviewer3,irrelevant,irrelevant,,,,
152,https://github.com/stellar/java-stellar-sdk/pull/202,,Network,developer only added code,,,Reviewer3,irrelevant,irrelevant,,,,
153,https://github.com/linkedin/ambry/pull/1611,,Network,developer only added code,,,Reviewer3,irrelevant,irrelevant,,,,
154,https://github.com/square/okhttp/pull/2850,,Network,"developer refactored code. however, not for testing.",,,Reviewer3,irrelevant,irrelevant,,,,
155,https://github.com/confluentinc/ksql/pull/2837,,Network,developer only added code,,,Reviewer3,irrelevant,irrelevant,,,,
156,https://github.com/square/okhttp/pull/2875,,Network,developer only added code,,,Reviewer3,irrelevant,irrelevant,,,,
157,https://github.com/zeromq/jzmq/pull/162,,Network,developer only added code,,,Reviewer3,irrelevant,irrelevant,,,,
158,https://github.com/GoogleCloudPlatform/google-cloud-eclipse/pull/2402,potentially promising: Another attempt to DEFLAKE,test,developer edited visibility of FetchProjectsJob from private to package for testing,plugins/com.google.cloud.tools.eclipse.projectselector/src/com/google/cloud/tools/eclipse/projectselector/ProjectsProvider.java,https://github.com/GoogleCloudPlatform/google-cloud-eclipse/pull/2402/files#diff-5f2a09c8023c848cdbb8b04e3ae7a7f51e02ff4d4262e7be24180ed0124f07ceR64,Reviewer3,incl_ref_for_test,incl_ref_for_test,widen_access_for_invocation,widen_access_for_invocation,,
159,https://github.com/yegor256/cactoos/pull/701,none,test,developer added an exception to activate a test case,src/main/java/org/cactoos/io/LengthOf.java,https://github.com/yegor256/cactoos/pull/701/files#diff-a2ebfd7e276a523a51507eda58428ebe94551df01ee3ea154b030142c0330709R86,Reviewer3,only_ref_for_test,irrelevant,other,,,
160,https://github.com/line/armeria/pull/2152,,Singleton,developer only added code,,,Reviewer3,irrelevant,irrelevant,,,,
161,https://github.com/apache/druid/pull/4293,none,Singleton,cacheScheduler attribute exposed with VisibleForTesting,extensions-core/lookups-cached-global/src/main/java/io/druid/query/lookup/NamespaceLookupExtractorFactory.java,https://github.com/apache/druid/pull/4293/files#diff-43c79bac60356371b67f5c44af1d3914efb2b35c6b08f2b10bb53791ecba93f6R510,Reviewer1,incl_ref_for_test,incl_ref_for_test,extract_attribute_for_assertion,extract_attribute_for_assertion,,
162,https://github.com/Netflix/spectator/pull/790,,Singleton,prod and test code deleted,,,Reviewer1,irrelevant,irrelevant,,,,
163,https://github.com/jenkinsci/script-security-plugin/pull/31,,Singleton,new feature implemented and tested (new constr. param but not used for mocking or similar),src/main/java/org/jenkinsci/plugins/scriptsecurity/sandbox/groovy/SandboxInterceptor.java,,Reviewer1,irrelevant,irrelevant,,,,
164,https://github.com/azkaban/azkaban/pull/1428,,Singleton,services marked as Singletona and tested,,,Reviewer1,irrelevant,irrelevant,,,,
165,https://github.com/CorfuDB/CorfuDB/pull/1611,,Refactor for test,No visible refactorings for tests,,,Reviewer1,irrelevant,irrelevant,,,,
166,https://github.com/INRIA/spoon/pull/3303,,Refactor for test,no changes in prod code,,,Reviewer1,irrelevant,irrelevant,,,,
167,https://github.com/STAMP-project/dspot/pull/885,empty,Refactor for test,TestFinder extracted and tested separately,dspot/src/main/java/eu/stamp_project/dspot/DSpot.java,https://github.com/STAMP-project/dspot/pull/885/files#diff-a71dff08d6ff76a022e878bc1d39e675ac57e311402b1e9389767e4399919403R85,Reviewer1,only_ref_for_test,only_ref_for_test,extract_class_for_invocation,extract_class_for_invocation,,
168,https://github.com/STAMP-project/dspot/pull/899,,Refactor for test,class renamed,,,Reviewer1,irrelevant,irrelevant,,,,
169,https://github.com/Yakindu/statecharts/pull/1071,,Refactor for test,"asIdentifier extracted, but not explicitly tested",,,Reviewer1,irrelevant,irrelevant,,,,
170,https://github.com/apache/incubator-heron/pull/1890,empty,Refactor for test,"Ticker introduced as Clock, constructor marked with @VisibleForTesting. Pattern override_system_clock",heron/metricscachemgr/src/java/com/twitter/heron/metricscachemgr/metricscache/CacheCore.java,https://github.com/apache/incubator-heron/pull/1890/files#diff-bfe5798fddab9eda61eb4f9fd6517a0071634b13661993407c4312ee462a5232R110,Reviewer1,only_ref_for_test,only_ref_for_test,extract_class_for_override,extract_class_for_override,,
171,https://github.com/apache/tika/pull/150,,Refactor for test,no structural changes,,,Reviewer1,irrelevant,irrelevant,,,,
172,https://github.com/azkaban/azkaban/pull/1409,,Refactor for test,no structural changes,,,Reviewer1,irrelevant,irrelevant,,,,
173,https://github.com/bugsnag/bugsnag-android/pull/661,none,Refactor for test,ActivityManager injected from outside,bugsnag-android-core/src/main/java/com/bugsnag/android/AppData.java,https://github.com/bugsnag/bugsnag-android/pull/661,Reviewer1,incl_ref_for_test,incl_ref_for_test,add_constructor_param,add_constructor_param,,
174,https://github.com/castorini/anserini/pull/1317,,Refactor for test,no test relevant changes,,,Reviewer1,irrelevant,irrelevant,,,,
175,https://github.com/checkstyle/checkstyle/pull/1462,,Refactor for test,no test relevant changes,,,Reviewer1,irrelevant,irrelevant,,,,
176,https://github.com/confluentinc/ksql/pull/1955,,Refactor for test,no test relevant changes,,,Reviewer1,irrelevant,irrelevant,,,,
177,https://github.com/forcedotcom/SalesforceMobileSDK-Android/pull/818,,Refactor for test,,,,Reviewer1,irrelevant,irrelevant,,,,
178,https://github.com/graknlabs/grakn/pull/1353,,Refactor for test,restart method added but it is not refactoring,,,Reviewer1,irrelevant,irrelevant,,,,
179,https://github.com/graknlabs/grakn/pull/611,,Refactor for test,tests refactored,,,Reviewer1,irrelevant,irrelevant,,,,
180,https://github.com/hazelcast/hazelcast-simulator/pull/1051,,Refactor for test,tests refactored,,,Reviewer1,irrelevant,irrelevant,,,,
181,https://github.com/hazelcast/hazelcast/pull/4682,,Refactor for test,triggerEviction added,,,Reviewer1,irrelevant,irrelevant,,,,
182,https://github.com/hbz/oerworldmap/pull/968,,Refactor for test,buildRow made private and export is used instead. opposite of extract_method_for_invocation,,,Reviewer1,irrelevant,irrelevant,,,,
183,https://github.com/jaegertracing/jaeger-client-java/pull/187,promising: I've added PACKAGE-PROTECTED constructor which allows to OVERRIDE this timeout in TESTS,Refactor for test,closeTimeoutMillis added to make tests faster,closeTimeoutMillis,https://github.com/jaegertracing/jaeger-client-java/pull/187/files#diff-93ab49abcc083e3f3e7d604f9b3482e86be92cd17927bb8f60500dd2c1d2921bR185,Reviewer1,incl_ref_for_test,incl_ref_for_test,add_constructor_param,add_constructor_param,,
184,https://github.com/jitsi/jitsi-meet-torture/pull/114,,Refactor for test,waitForOpenedOrClosed made private,,,Reviewer1,irrelevant,irrelevant,,,,
185,https://github.com/k9mail/k-9/pull/536,none,Refactor for test,extracted UserInfo to provide result,plugins/openpgp-api-library/src/org/openintents/openpgp/util/OpenPgpUtils.java,https://github.com/k9mail/k-9/pull/536/files#diff-64c232f36b55b5f6235078f2f86d72d1ca0fe5b83eff7685eb3bb10541511399R48,Reviewer1,incl_ref_for_test,incl_ref_for_test,extract_class_for_invocation,extract_class_for_invocation,,
186,https://github.com/microsoft/appcenter-sdk-android/pull/84,,Refactor for test,generateMockLogContainer and other test methods extracted,,,Reviewer1,irrelevant,irrelevant,,,,
187,https://github.com/mockito/mockito/pull/501,,Refactor for test,method hasTestMethods made static,,,Reviewer1,irrelevant,irrelevant,,,,
188,https://github.com/oracle/weblogic-kubernetes-operator/pull/322,promising: REFACTORED IngressHelper,Refactor for test,"huge refactoring, seems to contain extract_method_for_invocation TODO",,,Reviewer1,incl_ref_for_test,incl_ref_for_test,extract_method_for_invocation,extract_method_for_invocation,,
189,https://github.com/pentaho/pentaho-metaverse/pull/76,,Refactor for test,minor refactoring,,,Reviewer1,irrelevant,irrelevant,,,,
190,https://github.com/pentaho/pentaho-platform/pull/1739,none,Refactor for test,3 methods declared protected and overriden using mockito in tests,extensions/src/org/pentaho/platform/web/http/api/resources/services/FileService.java,https://github.com/pentaho/pentaho-platform/pull/1739/files#diff-f50ad1c5f44512efc150354c947f3e36fa13d9d626963af6fde3fe5e346e25aeR778,Reviewer1,only_ref_for_test,only_ref_for_test,extract_method_for_override,extract_method_for_override,,
191,https://github.com/phenotips/phenotips/pull/2579,,Refactor for test,exception handling changed,,,Reviewer1,irrelevant,irrelevant,,,,
192,https://github.com/reactor/reactor-core/pull/5,,Refactor for test,Consumer parameters added but declared and used in test classes,,https://github.com/reactor/reactor-core/pull/5/files#diff-3b595294e10d97100e232cdc0a109d17d494b3590ea06e464892098e22d988d2R60,Reviewer1,irrelevant,irrelevant,,,,
193,https://github.com/sialcasa/mvvmFX/pull/111,,Refactor for test,refactoring of tests,,,Reviewer1,irrelevant,irrelevant,,,,
194,https://github.com/tronprotocol/java-tron/pull/33,,Refactor for test,mockito added but no structural changes in prod code,,,Reviewer1,irrelevant,irrelevant,,,,
195,https://github.com/yegor256/takes/pull/200,promising: REFACTOR PsLinkedin to be able to MOCK calls to LinkedIn API.,Refactor for test,added JskRequestFactory constructor param,src/main/java/org/takes/facets/auth/social/PsLinkedin.java,https://github.com/yegor256/takes/pull/200/files#diff-61dcbb1cf5c1c91c5e9b3c960bc4ebfd318760feecd9a5968c5f16d8cde7abbbR101,Reviewer1,incl_ref_for_test,incl_ref_for_test,add_constructor_param,add_constructor_param,,
196,https://github.com/GoogleCloudPlatform/cloud-opensource-java/pull/1239,none,Dependency,VisibleForTesting createDefaultRepositorySystemSession to create a dependency,dependencies/src/main/java/com/google/cloud/tools/opensource/dependencies/RepositoryUtility.java,https://github.com/GoogleCloudPlatform/cloud-opensource-java/pull/1239/files#diff-0f613db5dcb2f683e7f96302575d369f5f409f0bb81c6a24a0872f374d9f076aR38,Reviewer1,incl_ref_for_test,incl_ref_for_test,widen_access_for_invocation,widen_access_for_invocation,,
197,https://github.com/GoogleCloudPlatform/google-cloud-eclipse/pull/1677,,Dependency,created resolveTransitiveDependencies method and tested. ,,,Reviewer1,irrelevant,irrelevant,,,,
198,https://github.com/kiegroup/kie-wb-common/pull/397,,Dependency,,,,Reviewer1,irrelevant,irrelevant,,,,
199,https://github.com/apache/zeppelin/pull/2199,,Dependency,library changed,,,Reviewer1,irrelevant,irrelevant,,,,
200,https://github.com/craftercms/engine/pull/207,,Dependency,,,,Reviewer1,irrelevant,irrelevant,,,,
201,https://github.com/CloudSlang/score/pull/216,,Dependency,removed Autowired ExecutionQueueService,,,Reviewer1,irrelevant,irrelevant,,,,
202,https://github.com/SonarSource/sonar-java/pull/535,,Dependency,isExcluded added,,,Reviewer1,irrelevant,irrelevant,,,,
203,https://github.com/GoogleCloudPlatform/cloud-opensource-java/pull/1466,,Dependency,maven dependency example,,,Reviewer1,irrelevant,irrelevant,,,,
204,https://github.com/obiba/mica2/pull/235,,Dependency,no structural changes,,,Reviewer1,irrelevant,irrelevant,,,,
205,https://github.com/thorntail/thorntail/pull/141,,Dependency,MavenProfileLoader added,,,Reviewer1,irrelevant,irrelevant,,,,
206,https://github.com/OpenGamma/Strata/pull/1840,,Dependency,a few constants added,,,Reviewer1,irrelevant,irrelevant,,,,
207,https://github.com/floodlight/floodlight/pull/243,,Dependency,no structural changes,,,Reviewer1,irrelevant,irrelevant,,,,
208,https://github.com/azkaban/azkaban/pull/1611,,Dependency,only new code added,,,Reviewer1,irrelevant,irrelevant,,,,
209,https://github.com/GoogleCloudPlatform/cloud-opensource-java/pull/1089,,Dependency,no structural changes,,,Reviewer1,irrelevant,irrelevant,,,,
210,https://github.com/apache/druid/pull/1079,,Dependency,no structural changes,,,Reviewer1,irrelevant,irrelevant,,,,
211,https://github.com/GoogleCloudPlatform/cloud-opensource-java/pull/173,,Dependency,,,,Reviewer1,irrelevant,irrelevant,,,,
212,https://github.com/mapstruct/mapstruct/pull/857,,Dependency,,,,Reviewer1,irrelevant,irrelevant,,,,
213,https://github.com/thorntail/thorntail/pull/145,,Dependency,getFractionDescriptor extracted as private and not used in tests,,,Reviewer1,irrelevant,irrelevant,,,,
214,https://github.com/enonic/xp/pull/6699,,Dependency,"getContents added and checked from test, no structural changes actually.",,,Reviewer1,irrelevant,irrelevant,,,,
215,https://github.com/freenet/fred/pull/390,,Dependency,,,,Reviewer1,irrelevant,irrelevant,,,,
216,https://github.com/GoogleCloudPlatform/cloud-opensource-java/pull/1072,,Dependency,only new code added,,,Reviewer1,irrelevant,irrelevant,,,,
217,https://github.com/confluentinc/ksql/pull/3061,,Dependency,imports changed,,,Reviewer1,irrelevant,irrelevant,,,,
218,https://github.com/GoogleContainerTools/jib/pull/780,,Dependency,constants changed,,,Reviewer1,irrelevant,irrelevant,,,,
219,https://github.com/molgenis/molgenis/pull/5503,,Dependency,no structural changes,,,Reviewer1,irrelevant,irrelevant,,,,
220,https://github.com/eclipse/birt/pull/174,,Dependency,,,,Reviewer1,irrelevant,irrelevant,,,,
221,https://github.com/GoogleCloudPlatform/cloud-opensource-java/pull/1191,,Dependency,arg types changed,,,Reviewer1,irrelevant,irrelevant,,,,
222,https://github.com/project-sunbird/sunbird-lms-mw/pull/460,,Dependency,,,,Reviewer1,irrelevant,irrelevant,,,,
223,https://github.com/microsoft/ApplicationInsights-Java/pull/157,,Dependency,trackDependency extracted but not used,,,Reviewer1,irrelevant,irrelevant,,,,
224,https://github.com/GoogleCloudPlatform/cloud-opensource-java/pull/494,,Dependency,,,,Reviewer1,irrelevant,irrelevant,,,,
225,https://github.com/GoogleCloudPlatform/google-cloud-eclipse/pull/2330,,Dependency,only new code added,,,Reviewer1,irrelevant,irrelevant,,,,
226,https://github.com/quarkusio/quarkus/pull/2617,,Dependency,,,,Reviewer1,irrelevant,irrelevant,,,,
227,https://github.com/ISISComputingGroup/ibex_gui/pull/627,,Network,"IPreferenceStore changed to Preferences, no test-related changes.",,,Reviewer1,irrelevant,irrelevant,,,,
228,https://github.com/rsocket/rsocket-java/pull/638,,Network,test code removed,,,Reviewer1,irrelevant,irrelevant,,,,
229,https://github.com/grpc/grpc-java/pull/2286,,Network,"a lot of code added, but nothing testability-relevant",,,Reviewer1,irrelevant,irrelevant,,,,
230,https://github.com/web3j/web3j/pull/784,,Network,webSocketListener added but not testability-relevant,,,Reviewer1,irrelevant,irrelevant,,,,
231,https://github.com/zsmartsystems/com.zsmartsystems.zigbee/pull/590,,Network,reinitialize method added and usable from prod and test code.,,,Reviewer1,irrelevant,irrelevant,,,,
232,https://github.com/real-logic/aeron/pull/491,,Network,,,,Reviewer1,irrelevant,irrelevant,,,,
233,https://github.com/oshi/oshi/pull/334,,Network,,,,Reviewer1,irrelevant,irrelevant,,,,
234,https://github.com/apache/flink/pull/1030,,Network,no new exposed method,,,Reviewer1,irrelevant,irrelevant,,,,
235,https://github.com/square/okhttp/pull/1280,,Network,no new exposed method,,,Reviewer1,irrelevant,irrelevant,,,,
236,https://github.com/docker-java/docker-java/pull/550,none,Network,"setter setSubnet, setIprange, setGateway added and used from tests.",src/main/java/com/github/dockerjava/api/model/Network.java,https://github.com/docker-java/docker-java/pull/550/files#diff-1083d6b846e93a0ab4e445301c3cac62f8a874e2ab9d82616b4aac26e805191dR58,Reviewer1,incl_ref_for_test,incl_ref_for_test,extract_method_for_invocation,extract_method_for_invocation,,
237,https://github.com/infinispan/infinispan/pull/2106,,Network,,,,Reviewer1,irrelevant,irrelevant,,,,
238,https://github.com/census-instrumentation/opencensus-java/pull/296,,Network,,,,Reviewer1,irrelevant,irrelevant,,,,
239,https://github.com/googleapis/google-api-java-client/pull/1637,none,Network,SocketFactoryRegistryHandler extracted and tested,google-api-client/src/main/java/com/google/api/client/googleapis/apache/v2/GoogleApacheHttpTransport.java,https://github.com/googleapis/google-api-java-client/pull/1637/files#diff-e98aeadf1cd578cb012116cd3f84034ce3197e7961d41e3aff22057f8da4415dR38,Reviewer1,incl_ref_for_test,incl_ref_for_test,extract_class_for_invocation,extract_class_for_invocation,,
240,https://github.com/ConsenSys/tessera/pull/286,,Network,resolveUnixFilePath created with new functionality,,,Reviewer1,irrelevant,irrelevant,,,,
241,https://github.com/jmxtrans/jmxtrans/pull/640,,Network,,,,Reviewer1,irrelevant,irrelevant,,,,
242,https://github.com/apache/zeppelin/pull/558,,Network,,,,Reviewer1,irrelevant,irrelevant,,,,
243,https://github.com/geoserver/geoserver/pull/3270,,Network,,,,Reviewer1,irrelevant,irrelevant,,,,
244,https://github.com/woorea/openstack-java-sdk/pull/213,,Network,portSecurityEnabled attribute added,,,Reviewer1,irrelevant,irrelevant,,,,
245,https://github.com/web3j/web3j/pull/1011,none,Network,"connect method gets 3 arguments to call listeners onMessage, onError, onClose",core/src/main/java/org/web3j/protocol/websocket/WebSocketService.java,https://github.com/web3j/web3j/pull/1011/files#diff-11925b8e957d624ea447f6b31e0fb3d84c05178c5548da7a1328f079a7ae4591R125,Reviewer1,incl_ref_for_test,incl_ref_for_test,extract_method_for_override,extract_method_for_override,,
246,https://github.com/telstra/open-kilda/pull/2143,,Network,,,,Reviewer1,irrelevant,irrelevant,,,,
247,https://github.com/apache/camel/pull/690,,Network,setStore added but used in prod code ,components/camel-websocket/src/main/java/org/apache/camel/component/websocket/WebsocketProducer.java,,Reviewer1,irrelevant,irrelevant,,,,
248,https://github.com/HubSpot/Singularity/pull/682,,Network,,,,Reviewer1,irrelevant,irrelevant,,,,
249,https://github.com/obiba/mica2/pull/241,,Network,"order param added, not for testabilitu",,,Reviewer1,irrelevant,irrelevant,,,,
250,https://github.com/stripe/stripe-java/pull/934,,Network,"maxNetworkRetries param added, not for testability",,,Reviewer1,irrelevant,irrelevant,,,,
251,https://github.com/Alluxio/alluxio/pull/5091,,Network,only removed code,,,Reviewer1,irrelevant,irrelevant,,,,
252,https://github.com/zeromq/jzmq/pull/388,,Network,socket options added,,,Reviewer1,irrelevant,irrelevant,,,,
253,https://github.com/qos-ch/logback/pull/274,,Network,event instead of string used,,,Reviewer1,irrelevant,irrelevant,,,,
254,https://github.com/geoserver/geoserver/pull/3285,,Network,,,,Reviewer1,irrelevant,irrelevant,,,,
255,https://github.com/square/okhttp/pull/2040,,Network,,,,Reviewer1,irrelevant,irrelevant,,,,
256,https://github.com/ConsenSys/tessera/pull/327,,Network,constant changed,,,Reviewer1,irrelevant,irrelevant,,,,
257,https://github.com/zsmartsystems/com.zsmartsystems.zigbee/pull/820,,Network,clear method added,,,Reviewer1,irrelevant,irrelevant,,,,
258,https://github.com/Adobe-Consulting-Services/acs-aem-commons/pull/227,,Inject,only new code added,,,Reviewer1,irrelevant,irrelevant,,,,
259,https://github.com/Cognifide/AEM-Rules-for-SonarQube/pull/39,,Inject,only new code added,,,Reviewer1,irrelevant,irrelevant,,,,
260,https://github.com/JakeWharton/butterknife/pull/237,,Inject,filterNull method added and used from listOf that is tested,,,Reviewer1,irrelevant,irrelevant,,,,
261,https://github.com/pentaho/pentaho-kettle/pull/865,,Inject,only new code added,,,Reviewer1,irrelevant,irrelevant,,,,
262,https://github.com/SonarSource/sonar-java/pull/2164,,Inject,only new code added,,,Reviewer1,irrelevant,irrelevant,,,,
263,https://github.com/apache/zeppelin/pull/3771,,Inject,constant changed,,,Reviewer1,irrelevant,irrelevant,,,,
264,https://github.com/FortnoxAB/reactive-wizard/pull/58,,Inject,ConfigFactory(String) constructor was present before and now a test has been added for it.,,,Reviewer1,irrelevant,irrelevant,,,,
265,https://github.com/JakeWharton/butterknife/pull/215,,Inject,"unit-tests added, no structural changes",,,Reviewer1,irrelevant,irrelevant,,,,
266,https://github.com/GoogleCloudPlatform/google-cloud-eclipse/pull/2533,,Inject,"putAppEngineApiSdkJarIntoApps added as VisibleForTesting, so no structural changes",,,Reviewer1,irrelevant,irrelevant,,,,
267,https://github.com/SonarSource/sonar-java/pull/750,,Inject,only new code added,,,Reviewer1,irrelevant,irrelevant,,,,
268,https://github.com/ExpediaDotCom/adaptive-alerting/pull/481,,Inject,"wiring changed, no impact for testability",,,Reviewer1,irrelevant,irrelevant,,,,
269,https://github.com/eclipse-archived/smarthome/pull/6413,,Inject,mostly new code added,,,Reviewer1,irrelevant,irrelevant,,,,
270,https://github.com/microsoft/spring-cloud-azure/pull/60,,Inject,"TelemetryProperties made injectable to create TelemetryClient, but not tested.",,,Reviewer1,irrelevant,irrelevant,,,,
271,https://github.com/census-instrumentation/opencensus-java/pull/1413,,Inject,"injectContextData extracted, but not tested",,,Reviewer1,irrelevant,irrelevant,,,,
272,https://github.com/pentaho/pentaho-data-refinery/pull/38,,Inject,only test code added,,,Reviewer1,irrelevant,irrelevant,,,,
273,https://github.com/traccar/traccar/pull/935,,Inject,only new code added,,,Reviewer1,irrelevant,irrelevant,,,,
274,https://github.com/ExpediaDotCom/adaptive-alerting/pull/764,,Inject,no structural changes,,,Reviewer1,irrelevant,irrelevant,,,,
275,https://github.com/apache/druid/pull/5600,,Inject,no structural changes,,,Reviewer1,irrelevant,irrelevant,,,,
276,https://github.com/apache/beam/pull/1941,,Inject,"ConstantShards made VisibleForTesting, but it is new code",,,Reviewer1,irrelevant,irrelevant,,,,
277,https://github.com/k9mail/k-9/pull/4856,none,Inject,preferences injected,app/core/src/main/java/com/fsck/k9/controller/MessagingController.java,https://github.com/k9mail/k-9/pull/4856/files#diff-97acc66b57cd50ae9242e82c59cd1c1fe25bee2dd31c845e9df1464cd516ac54R142,Reviewer1,incl_ref_for_test,incl_ref_for_test,add_constructor_param,add_constructor_param,,
278,https://github.com/apache/bookkeeper/pull/1393,,Inject,only new code added,,,Reviewer1,irrelevant,irrelevant,,,,
279,https://github.com/Adobe-Consulting-Services/acs-aem-commons/pull/163,,Inject,only new code added,,,Reviewer1,irrelevant,irrelevant,,,,
280,https://github.com/dropwizard/dropwizard/pull/2522,,Inject,"ValidatorFactory used in InjectValidationFeature, but not for testability",,,Reviewer1,irrelevant,irrelevant,,,,
281,https://github.com/square/wire/pull/187,,Inject,,,,Reviewer1,irrelevant,irrelevant,,,,
282,https://github.com/dropwizard/dropwizard/pull/1023,,Inject,Auth parameter added,,,Reviewer1,irrelevant,irrelevant,,,,
283,https://github.com/pentaho/pentaho-kettle/pull/1139,,Inject,,,,Reviewer1,irrelevant,irrelevant,,,,
284,https://github.com/junkdog/artemis-odb/pull/335,,Inject,skipwire annotation added and analysed,,,Reviewer1,irrelevant,irrelevant,,,,
285,https://github.com/apache/zeppelin/pull/2891,,Inject,"injector added, but not relevant for testability",,,Reviewer1,irrelevant,irrelevant,,,,
286,https://github.com/eclipse/eclipse-collections/pull/764,,Inject,private method goForward extracted and implicitly covered by junits,,,Reviewer1,irrelevant,irrelevant,,,,
287,https://github.com/firebase/firebase-android-sdk/pull/1333,none,Inject,Clock injected and overridden from tests,firebase-installations/src/main/java/com/google/firebase/installations/Utils.java,https://github.com/firebase/firebase-android-sdk/pull/1333/files#diff-329ea845fe9ddff6aa413e47e733c53cba6df39b0905223ee9890badf53a4e5fR154,Reviewer1,incl_ref_for_test,incl_ref_for_test,override_system_time,override_system_time,,
288,https://github.com/hazelcast/hazelcast-simulator/pull/1625,,Inject,code deleted,,,Reviewer1,irrelevant,irrelevant,,,,
289,https://github.com/reaktivity/nukleus-http.java/pull/92,,Concurrency,,,,Reviewer1,irrelevant,irrelevant,,,,
290,https://github.com/apache/zookeeper/pull/474,,Concurrency,"collection wrapped in ArrayList, irrelevant",,,Reviewer1,irrelevant,irrelevant,,,,
291,https://github.com/Sage-Bionetworks/Synapse-Repository-Services/pull/2442,,Concurrency,only new code added,,,Reviewer1,irrelevant,irrelevant,,,,
292,https://github.com/apache/zeppelin/pull/492,,Concurrency,"InterpreterContext injected as ThreadLocal, irrelevant for testing.",,,Reviewer1,irrelevant,irrelevant,,,,
293,https://github.com/Netflix/Hystrix/pull/1363,,Concurrency,no structural changes,,,Reviewer1,irrelevant,irrelevant,,,,
294,https://github.com/apache/zeppelin/pull/1005,,Concurrency,no structural changes,,,Reviewer1,irrelevant,irrelevant,,,,
295,https://github.com/flightstats/hub/pull/1023,,Concurrency,no structural changes,,,Reviewer1,irrelevant,irrelevant,,,,
296,https://github.com/hazelcast/hazelcast/pull/5114,,Concurrency,no structural changes,,,Reviewer1,irrelevant,irrelevant,,,,
297,https://github.com/twilio/twilio-java/pull/502,,Concurrency,"not really refactoring, but destroy method added to invoke from tests",src/main/java/com/twilio/Twilio.java,https://github.com/twilio/twilio-java/pull/502/files#diff-c60706ec7e475997e3261d26c77ac98aa9d4fa3383dd6db2281c285fb679f941R82,Reviewer1,irrelevant,irrelevant,,,,
298,https://github.com/dropwizard/dropwizard/pull/3120,,Concurrency,"CRC32 instance created in a method, not relevant.",,,Reviewer1,irrelevant,irrelevant,,,,
299,https://github.com/apache/kafka/pull/2123,none,Concurrency,setupAndCreateKafkaBasedLog method extracted and used in tests,connect/runtime/src/main/java/org/apache/kafka/connect/storage/KafkaConfigBackingStore.java,https://github.com/apache/kafka/pull/2123/files#diff-a09470809fb4f40f51a0be2c67fb9d888277097532d4a269a38b7305c3ef289fR159,Reviewer1,incl_ref_for_test,incl_ref_for_test,extract_method_for_invocation,extract_method_for_invocation,,
300,https://github.com/kiegroup/appformer/pull/639,,Concurrency,,,,Reviewer1,irrelevant,irrelevant,,,,
301,https://github.com/jchambers/pushy/pull/39,none,Concurrency,getNewClientThread extracted and overriden in junits,src/main/java/com/relayrides/pushy/apns/PushManager.java,https://github.com/jchambers/pushy/pull/39/files#diff-d8d4d0360449e723dcea0539c99f4a9204ce7580708232190f21a5bfcfa3ffadR197,Reviewer1,incl_ref_for_test,incl_ref_for_test,extract_method_for_override,extract_method_for_override,,
302,https://github.com/micrometer-metrics/micrometer/pull/593,,Concurrency,only new code added,,,Reviewer1,irrelevant,irrelevant,,,,
303,https://github.com/grpc/grpc-java/pull/5723,,Concurrency,"logWarningIfNotInSyncContext extracted as private, irrelevant",,,Reviewer1,irrelevant,irrelevant,,,,
304,https://github.com/datastax/java-driver/pull/850,,Concurrency,checkNotInEventLoop added,,,Reviewer1,irrelevant,irrelevant,,,,
305,https://github.com/grpc/grpc-java/pull/5364,,Concurrency,relevant methods have been made visible before,,,Reviewer1,irrelevant,irrelevant,,,,
306,https://github.com/alibaba/Sentinel/pull/1335,,Concurrency,,,,Reviewer1,irrelevant,irrelevant,,,,
307,https://github.com/k9mail/k-9/pull/2203,none,Concurrency,clearFolderSynchronous extracted,k9mail/src/main/java/com/fsck/k9/controller/MessagingController.java,https://github.com/k9mail/k-9/pull/2203/files#diff-b8ac0fb1b435ffad47ce8daa8e43ed5ad05059a2fce0aae807d5043cbb7b8718R140,Reviewer1,incl_ref_for_test,incl_ref_for_test,extract_method_for_invocation,extract_method_for_invocation,,
308,https://github.com/confluentinc/common/pull/241,,Concurrency,,,,Reviewer1,irrelevant,irrelevant,,,,
309,https://github.com/eclipse/rdf4j/pull/2210,none,Concurrency,hasApproved and other methods extracted to be invoked from junits,,https://github.com/eclipse/rdf4j/pull/2210,Reviewer1,incl_ref_for_test,incl_ref_for_test,extract_method_for_invocation,extract_method_for_invocation,,
310,https://github.com/grpc/grpc-java/pull/4150,,Concurrency,"ScheduledExecutorService injected, it is a feature",,,Reviewer1,irrelevant,irrelevant,,,,
311,https://github.com/reactor/reactor-core/pull/1148,,Concurrency,no structural changes,,,Reviewer1,irrelevant,irrelevant,,,,
312,https://github.com/alibaba/Sentinel/pull/205,,Concurrency,ConcurrentHashMap/keySet introduced instead of synchronized,,,Reviewer1,irrelevant,irrelevant,,,,
313,https://github.com/Netflix/hollow/pull/380,,Concurrency,synchronized re-arranged,,,Reviewer1,irrelevant,irrelevant,,,,
314,https://github.com/census-instrumentation/opencensus-java/pull/729,,Concurrency,getRegisteredSpanNamesForCollection was visibleForTesting before,,,Reviewer1,irrelevant,irrelevant,,,,
315,https://github.com/Alluxio/alluxio/pull/6776,,Concurrency,no structural changes,,,Reviewer1,irrelevant,irrelevant,,,,
316,https://github.com/hector-client/hector/pull/468,,Concurrency,no structural changes,,,Reviewer1,irrelevant,irrelevant,,,,
317,https://github.com/traccar/traccar/pull/4367,,Concurrency,no structural changes,,,Reviewer1,irrelevant,irrelevant,,,,
318,https://github.com/samtools/htsjdk/pull/1056,,Concurrency,no structural changes,,,Reviewer1,irrelevant,irrelevant,,,,
319,https://github.com/jchambers/pushy/pull/3,,Concurrency,no structural changes,,,Reviewer1,irrelevant,irrelevant,,,,
320,https://github.com/kiegroup/kie-wb-common/pull/45,,testability,access widened to invoke from junit,kie-wb-common-screens/kie-wb-common-server-ui/kie-wb-common-server-ui-backend/src/main/java/org/kie/workbench/common/screens/server/management/backend/RemoteAccessImpl.java,https://github.com/kiegroup/kie-wb-common/pull/45/files?diff=split&w=1#diff-2cb118bf3da16cd4a36308f48ccd8c30dd2b04af9abbd0d04581f3805c89e4aaR165,Reviewer1,incl_ref_for_test,incl_ref_for_test,widen_access_for_invocation,widen_access_for_invocation,,
321,https://github.com/kiegroup/kie-wb-common/pull/45,,testability,method overridden in junit,kie-wb-common-screens/kie-wb-common-server-ui/kie-wb-common-server-ui-backend/src/main/java/org/kie/workbench/common/screens/server/management/backend/RemoteAccessImpl.java,https://github.com/kiegroup/kie-wb-common/pull/45/files?diff=split&w=1#diff-2cb118bf3da16cd4a36308f48ccd8c30dd2b04af9abbd0d04581f3805c89e4aaR45,Reviewer1,incl_ref_for_test,incl_ref_for_test,extract_method_for_override,extract_method_for_override,,
