period,pr_group,ref_pattern,reviewer,test_location,url
January,incl_ref_for_test,other,Reviewer3,https://github.com/palantir/atlasdb/pull/4878/files#diff-4c0549920c59029b23d72664074adfe7e8983a978958533cacf276b759d4eb3fR47,https://github.com/palantir/atlasdb/pull/4878
January,irrelevant,irrelevant,Reviewer3,,https://github.com/jcabi/jcabi-http/pull/118
January,irrelevant,irrelevant,Reviewer3,,https://github.com/tomakehurst/wiremock/pull/1005
January,irrelevant,irrelevant,Reviewer3,,https://github.com/PegaSysEng/pantheon/pull/1284
January,irrelevant,irrelevant,Reviewer3,https://github.com/line/armeria/pull/964/files#diff-a063dc5a44bc921f5226f4597ab04f90ca8ae154d1d5a1b1fac030bfe97dbf93R57,https://github.com/line/armeria/pull/964
January,incl_ref_for_test,other,Reviewer3,https://github.com/linkedin/ambry/pull/242/files#diff-554d944f3bc88157f7137df89a51895f3fbfb1165038fa279f904e4fe0485c9aR75,https://github.com/linkedin/ambry/pull/242
January,incl_ref_for_test,add_constructor_param,Reviewer3,https://github.com/Adobe-Consulting-Services/acs-aem-commons/pull/1445/files#diff-a996943049d7074bf2ef1dd04436c11de90418fc3e4de8457e051624dc30132cR78,https://github.com/Adobe-Consulting-Services/acs-aem-commons/pull/1445
January,irrelevant,irrelevant,Reviewer3,https://github.com/codice/ddf/pull/726/files#diff-c00a10eecd79a850a24d22a1bbc1d3cdcbaef35d78e349345309b521c3383437R123,https://github.com/codice/ddf/pull/726
January,irrelevant,irrelevant,Reviewer2,,https://github.com/jaegertracing/jaeger-client-java/pull/694
January,irrelevant,irrelevant,Reviewer2,,https://github.com/neo4j-contrib/neo4j-graph-algorithms/pull/173
January,irrelevant,irrelevant,Reviewer2,https://github.com/Netflix/Hystrix/pull/1039/files#diff-871e3841ba74f85c142d4cf22f3040dc3f2fc82dc32ca3c37ca784506461e247R57,https://github.com/Netflix/Hystrix/pull/1039
January,irrelevant,irrelevant,Reviewer2,,https://github.com/facebook/rocksdb/pull/1167
January,irrelevant,irrelevant,Reviewer2,,https://github.com/apache/kafka/pull/4382
January,irrelevant,irrelevant,Reviewer2,,https://github.com/pentaho/pentaho-metaverse/pull/15
January,irrelevant,irrelevant,Reviewer2,,https://github.com/apache/rocketmq/pull/220
January,irrelevant,irrelevant,Reviewer2,,https://github.com/grpc/grpc-java/pull/386
January,irrelevant,irrelevant,Reviewer2,,https://github.com/apache/bookkeeper/pull/1607
January,irrelevant,irrelevant,Reviewer2,,https://github.com/quarkusio/quarkus/pull/8676
January,incl_ref_for_test,extract_method_for_invocation,Reviewer2,https://github.com/linkedin/dr-elephant/pull/496/files#diff-7779e09b0c551d9871e63bd2403686f1d09f7200a9ad64e433251b10c8fe232eR87,https://github.com/linkedin/dr-elephant/pull/496
January,irrelevant,irrelevant,Reviewer3,,https://github.com/Netflix/Hystrix/pull/742
January,irrelevant,irrelevant,Reviewer3,,https://github.com/linkedin/ambry/pull/708
January,irrelevant,irrelevant,Reviewer3,,https://github.com/apache/zeppelin/pull/3416
January,irrelevant,irrelevant,Reviewer3,,https://github.com/STAMP-project/dspot/pull/607
January,irrelevant,irrelevant,Reviewer3,,https://github.com/pentaho/pentaho-kettle/pull/421
January,irrelevant,irrelevant,Reviewer3,,https://github.com/dropwizard/dropwizard/pull/677
January,irrelevant,irrelevant,Reviewer3,,https://github.com/square/wire/pull/617
January,irrelevant,irrelevant,Reviewer3,,https://github.com/kiegroup/appformer/pull/848
January,irrelevant,irrelevant,Reviewer3,,https://github.com/hazelcast/hazelcast/pull/4861
January,irrelevant,irrelevant,Reviewer3,,https://github.com/enonic/xp/pull/5860
January,irrelevant,irrelevant,Reviewer3,,https://github.com/ikasanEIP/ikasan/pull/111
January,incl_ref_for_test,other,Reviewer3,https://github.com/googleapis/gax-java/pull/117/files#diff-9f172d3196abce0b8ed11a51feaa944de65978440f68763039023c12140a1cc7R405,https://github.com/googleapis/gax-java/pull/117
January,irrelevant,irrelevant,Reviewer3,,https://github.com/threerings/getdown/pull/136
January,irrelevant,irrelevant,Reviewer3,,https://github.com/jcabi/jcabi-http/pull/221
January,irrelevant,irrelevant,Reviewer3,,https://github.com/pinpoint-apm/pinpoint/pull/604
January,only_ref_for_test,other,Reviewer3,,https://github.com/eclipse-archived/smarthome/pull/6160
January,incl_ref_for_test,extract_class_for_override,Reviewer3,https://github.com/geoserver/geoserver/pull/1910/files#diff-d097cae3cdd1ec4fddd8cf836dfa7f20bcbe76936d0550f6331a126e61ef7c53R22,https://github.com/geoserver/geoserver/pull/1910
January,irrelevant,irrelevant,Reviewer3,,https://github.com/pinpoint-apm/pinpoint/pull/5093
January,incl_ref_for_test,other,Reviewer3,https://github.com/geoserver/geoserver/pull/1911/files#diff-d097cae3cdd1ec4fddd8cf836dfa7f20bcbe76936d0550f6331a126e61ef7c53R22,https://github.com/geoserver/geoserver/pull/1911
January,irrelevant,irrelevant,Reviewer3,,https://github.com/networknt/light-4j/pull/282
January,irrelevant,irrelevant,Reviewer3,,https://github.com/pentaho/pdi-sdk-plugins/pull/63
January,irrelevant,irrelevant,Reviewer3,,https://github.com/GoogleCloudPlatform/google-cloud-eclipse/pull/2963
January,irrelevant,irrelevant,Reviewer3,,https://github.com/line/armeria/pull/1222
January,irrelevant,irrelevant,Reviewer3,,https://github.com/unic/neba/pull/273
January,irrelevant,irrelevant,Reviewer3,,https://github.com/JakeWharton/butterknife/pull/59
January,irrelevant,irrelevant,Reviewer3,,https://github.com/JakeWharton/butterknife/pull/35
January,irrelevant,irrelevant,Reviewer3,,https://github.com/thorntail/thorntail/pull/133
January,irrelevant,irrelevant,Reviewer3,,https://github.com/linkedin/ambry/pull/938
January,irrelevant,irrelevant,Reviewer3,,https://github.com/pentaho/pentaho-metaverse/pull/602
January,irrelevant,irrelevant,Reviewer3,,https://github.com/pentaho/pentaho-kettle/pull/2000
January,irrelevant,irrelevant,Reviewer3,,https://github.com/square/wire/pull/782
January,irrelevant,irrelevant,Reviewer3,,https://github.com/pentaho/pentaho-kettle/pull/854
January,irrelevant,irrelevant,Reviewer3,,https://github.com/enonic/xp/pull/2224
January,irrelevant,irrelevant,Reviewer3,,https://github.com/palantir/atlasdb/pull/3660
January,irrelevant,irrelevant,Reviewer2,,https://github.com/square/okhttp/pull/71
January,irrelevant,irrelevant,Reviewer2,,https://github.com/k9mail/k-9/pull/1307
January,irrelevant,irrelevant,Reviewer2,,https://github.com/line/armeria/pull/1971
January,irrelevant,irrelevant,Reviewer2,,https://github.com/qos-ch/logback/pull/401
January,irrelevant,irrelevant,Reviewer2,,https://github.com/apache/kafka/pull/3574
January,irrelevant,irrelevant,Reviewer2,,https://github.com/graknlabs/grakn/pull/2498
January,irrelevant,irrelevant,Reviewer2,,https://github.com/bugsnag/bugsnag-android/pull/295
January,irrelevant,irrelevant,Reviewer2,,https://github.com/arangodb/arangodb-java-driver/pull/276
January,irrelevant,irrelevant,Reviewer2,,https://github.com/atlasapi/atlas/pull/1355
January,irrelevant,irrelevant,Reviewer2,,https://github.com/mybatis/mybatis-3/pull/1068
January,irrelevant,irrelevant,Reviewer2,,https://github.com/getsentry/sentry-java/pull/24
January,irrelevant,irrelevant,Reviewer2,,https://github.com/NationalSecurityAgency/datawave/pull/675
January,irrelevant,irrelevant,Reviewer2,,https://github.com/apache/rocketmq/pull/582
January,irrelevant,irrelevant,Reviewer2,,https://github.com/grpc/grpc-java/pull/7533
January,irrelevant,irrelevant,Reviewer2,,https://github.com/Netflix/titus-control-plane/pull/769
January,irrelevant,irrelevant,Reviewer2,,https://github.com/zsmartsystems/com.zsmartsystems.zigbee/pull/154
January,irrelevant,irrelevant,Reviewer2,,https://github.com/dropwizard/metrics/pull/1566
January,irrelevant,irrelevant,Reviewer2,,https://github.com/java-native-access/jna/pull/446
January,irrelevant,irrelevant,Reviewer2,,https://github.com/Terracotta-OSS/terracotta-core/pull/182
January,incl_ref_for_test,other,Reviewer2,https://github.com/apache/druid/pull/2878/files#diff-a94425c85bb4e8059615bd3f9285014200623e52d9ad7a86b48bded3410259f4R84,https://github.com/apache/druid/pull/2878
January,irrelevant,irrelevant,Reviewer2,,https://github.com/azkaban/azkaban/pull/1366
January,irrelevant,irrelevant,Reviewer2,,https://github.com/Terracotta-OSS/terracotta-core/pull/703
January,irrelevant,irrelevant,Reviewer2,,https://github.com/apache/druid/pull/1760
January,irrelevant,irrelevant,Reviewer2,,https://github.com/apache/tinkerpop/pull/226
January,irrelevant,irrelevant,Reviewer2,,https://github.com/apache/kafka/pull/3140
January,irrelevant,irrelevant,Reviewer2,,https://github.com/grpc/grpc-java/pull/792
January,only_ref_for_test,other,Reviewer2,https://github.com/Alluxio/alluxio/pull/3783/files#diff-e6bedaff0ccf307d6c18921e16bc7ec34518746f69c66ef222a18ff8be9b854eR48,https://github.com/Alluxio/alluxio/pull/3783
January,irrelevant,irrelevant,Reviewer2,,https://github.com/apache/druid/pull/3943
January,irrelevant,irrelevant,Reviewer2,,https://github.com/apache/maven/pull/13
January,irrelevant,irrelevant,Reviewer2,,https://github.com/everit-org/json-schema/pull/384
January,irrelevant,irrelevant,Reviewer2,,https://github.com/apache/storm/pull/1673
January,irrelevant,irrelevant,Reviewer2,,https://github.com/togglz/togglz/pull/339
January,irrelevant,irrelevant,Reviewer2,,https://github.com/apache/kafka/pull/2389
January,irrelevant,irrelevant,Reviewer2,,https://github.com/apache/camel/pull/445
January,irrelevant,irrelevant,Reviewer2,,https://github.com/square/wire/pull/11
January,irrelevant,irrelevant,Reviewer2,,https://github.com/azkaban/azkaban/pull/1760
January,irrelevant,irrelevant,Reviewer2,,https://github.com/camunda/camunda-bpm-spring-boot-starter/pull/79
January,irrelevant,irrelevant,Reviewer2,,https://github.com/apache/attic-apex-core/pull/563
January,irrelevant,irrelevant,Reviewer2,,https://github.com/apache/skywalking/pull/4995
January,irrelevant,irrelevant,Reviewer2,,https://github.com/antlr/antlr4/pull/1945
January,irrelevant,irrelevant,Reviewer2,,https://github.com/Sage-Bionetworks/Synapse-Repository-Services/pull/704
January,incl_ref_for_test,other,Reviewer2,https://github.com/Adobe-Consulting-Services/acs-aem-commons/pull/1088/files#diff-ecc3274cc205759605b9f50f62e7253014a15c969c9f56a78c2a0377df5fe6caR37,https://github.com/Adobe-Consulting-Services/acs-aem-commons/pull/1088
January,incl_ref_for_test,other,Reviewer2,https://github.com/Adobe-Consulting-Services/acs-aem-commons/pull/1088/files#diff-2c54f09d862d21aa99adc47d3820bbfa772a5e4c8ac54079fdd518398241bbd5R51,https://github.com/Adobe-Consulting-Services/acs-aem-commons/pull/1088
January,irrelevant,irrelevant,Reviewer2,modules/core/core-content/src/main/java/com/enonic/xp/core/impl/content/ContentOutboundDependenciesIdsResolver.java,https://github.com/enonic/xp/pull/4019
January,irrelevant,irrelevant,Reviewer2,,https://github.com/census-instrumentation/opencensus-java/pull/199
January,irrelevant,irrelevant,Reviewer2,,https://github.com/apache/commons-text/pull/25
January,irrelevant,irrelevant,Reviewer2,,https://github.com/apache/kafka/pull/5007
January,irrelevant,irrelevant,Reviewer2,,https://github.com/jcabi/jcabi-http/pull/83
January,irrelevant,irrelevant,Reviewer2,,https://github.com/GoogleCloudPlatform/cloud-opensource-java/pull/808
January,irrelevant,irrelevant,Reviewer2,,https://github.com/jenkinsci/jira-plugin/pull/161
January,irrelevant,irrelevant,Reviewer2,,https://github.com/jchambers/pushy/pull/599
January,irrelevant,irrelevant,Reviewer2,,https://github.com/knowm/XChange/pull/988
January,irrelevant,irrelevant,Reviewer2,,https://github.com/windup/windup/pull/1395
January,irrelevant,irrelevant,Reviewer2,,https://github.com/pentaho/pentaho-platform-plugin-reporting/pull/384
January,irrelevant,irrelevant,Reviewer2,,https://github.com/mockito/mockito/pull/983
January,irrelevant,irrelevant,Reviewer2,,https://github.com/folio-org/okapi/pull/1009
January,irrelevant,irrelevant,Reviewer2,,https://github.com/folio-org/okapi/pull/828
January,irrelevant,irrelevant,Reviewer2,,https://github.com/WPIRoboticsProjects/GRIP/pull/52
January,irrelevant,irrelevant,Reviewer2,,https://github.com/rsksmart/rskj/pull/1330
January,irrelevant,irrelevant,Reviewer2,https://github.com/Graylog2/graylog2-server/pull/5589/files#diff-bdda79d493bc69d3a3fb1bed0cb8500fa0c04569287722a0ab423d0b5d8e0bc2R337,https://github.com/Graylog2/graylog2-server/pull/5589
January,irrelevant,irrelevant,Reviewer2,https://github.com/microsoft/appcenter-sdk-android/pull/1351/files#diff-2bf3410a24308f47c09d1ce75f85cd98024c1a5629b786d3be796c3d9aa6717bR603,https://github.com/microsoft/appcenter-sdk-android/pull/1351
January,irrelevant,irrelevant,Reviewer2,,https://github.com/apache/maven/pull/123
January,incl_ref_for_test,extract_method_for_invocation,Reviewer2,https://github.com/apache/zeppelin/pull/1769/files#diff-7c3fc048b9edf203141d2efae204cc4f747ef713b3ccd83c3185b06e058e4c06R32,https://github.com/apache/zeppelin/pull/1769
January,irrelevant,irrelevant,Reviewer2,,https://github.com/enonic/xp/pull/3979
January,incl_ref_for_test,other,Reviewer2,https://github.com/GoogleCloudPlatform/google-cloud-eclipse/pull/909/files#diff-17ef0b508275ccbafb642dbd103b0c16bcef1a49004eee2f74691e0677243ea5R235,https://github.com/GoogleCloudPlatform/google-cloud-eclipse/pull/909
January,irrelevant,irrelevant,Reviewer2,,https://github.com/apache/maven/pull/121
January,irrelevant,irrelevant,Reviewer2,,https://github.com/SonarSource/sonar-java/pull/1238
January,irrelevant,irrelevant,Reviewer3,,https://github.com/zsmartsystems/com.zsmartsystems.zigbee/pull/432
January,irrelevant,irrelevant,Reviewer3,,https://github.com/web3j/web3j/pull/787
January,irrelevant,irrelevant,Reviewer3,,https://github.com/eclipse/jetty.project/pull/2493
January,irrelevant,irrelevant,Reviewer3,,https://github.com/grpc/grpc-java/pull/4649
January,irrelevant,irrelevant,Reviewer3,,https://github.com/Netflix/titus-control-plane/pull/197
January,irrelevant,irrelevant,Reviewer3,,https://github.com/HaraldWalker/user-agent-utils/pull/78
January,irrelevant,irrelevant,Reviewer3,,https://github.com/HaraldWalker/user-agent-utils/pull/112
January,incl_ref_for_test,extract_class_for_invocation,Reviewer3,https://github.com/yegor256/takes/pull/539/files#diff-43465e1cb115125a5bbd685ab728a26e4b73830b39e4d40daf2e471d1f813edfR63,https://github.com/yegor256/takes/pull/539
January,irrelevant,irrelevant,Reviewer3,,https://github.com/k9mail/k-9/pull/567
January,irrelevant,irrelevant,Reviewer3,,https://github.com/commons-app/apps-android-commons/pull/2184
January,irrelevant,irrelevant,Reviewer3,,https://github.com/dropwizard/dropwizard/pull/2925
January,irrelevant,irrelevant,Reviewer3,,https://github.com/zsmartsystems/com.zsmartsystems.zigbee/pull/322
January,irrelevant,irrelevant,Reviewer3,,https://github.com/spotify/docker-client/pull/306
January,incl_ref_for_test,other,Reviewer3,,https://github.com/zsmartsystems/com.zsmartsystems.zigbee/pull/483
January,incl_ref_for_test,other,Reviewer3,https://github.com/ConsenSys/tessera/pull/156/files#diff-b0bb1c9c2baff7f822b23cea9ebe8f27630bc5ab4723d2d59ad40e2f4d72d512R61,https://github.com/ConsenSys/tessera/pull/156
January,irrelevant,irrelevant,Reviewer3,,https://github.com/WPIRoboticsProjects/GRIP/pull/30
January,irrelevant,irrelevant,Reviewer3,,https://github.com/geoserver/geoserver/pull/3234
January,irrelevant,irrelevant,Reviewer3,,https://github.com/eclipse-vertx/vert.x/pull/3107
January,irrelevant,irrelevant,Reviewer3,,https://github.com/grpc/grpc-java/pull/4345
January,irrelevant,irrelevant,Reviewer3,,https://github.com/grpc/grpc-java/pull/3969
January,irrelevant,irrelevant,Reviewer3,,https://github.com/jitsi/ice4j/pull/92
January,irrelevant,irrelevant,Reviewer3,,https://github.com/rsksmart/rskj/pull/729
January,irrelevant,irrelevant,Reviewer3,,https://github.com/GoogleCloudPlatform/appengine-plugins-core/pull/520
January,irrelevant,irrelevant,Reviewer3,,https://github.com/zsmartsystems/com.zsmartsystems.zigbee/pull/672
January,irrelevant,irrelevant,Reviewer3,,https://github.com/GoogleCloudPlatform/google-cloud-eclipse/pull/247
January,irrelevant,irrelevant,Reviewer3,,https://github.com/ConsenSys/tessera/pull/346
January,irrelevant,irrelevant,Reviewer3,,https://github.com/Sage-Bionetworks/Synapse-Repository-Services/pull/3284
January,irrelevant,irrelevant,Reviewer3,,https://github.com/eclipse/jetty.project/pull/3365
January,irrelevant,irrelevant,Reviewer3,,https://github.com/jenkinsci/ec2-plugin/pull/447
January,incl_ref_for_test,create_constructor,Reviewer3,https://github.com/dropwizard/dropwizard/pull/2317/files#diff-ea9702e608c027f4c9cea4297e63a04b9ab392a4d93f93022905e9f4e57e6f72R30,https://github.com/dropwizard/dropwizard/pull/2317
January,irrelevant,irrelevant,Reviewer3,,https://github.com/linkedin/ambry/pull/1601
January,irrelevant,irrelevant,Reviewer3,,https://github.com/floodlight/floodlight/pull/60
January,irrelevant,irrelevant,Reviewer3,,https://github.com/stellar/java-stellar-sdk/pull/202
January,irrelevant,irrelevant,Reviewer3,,https://github.com/linkedin/ambry/pull/1611
January,irrelevant,irrelevant,Reviewer3,,https://github.com/square/okhttp/pull/2850
January,irrelevant,irrelevant,Reviewer3,,https://github.com/confluentinc/ksql/pull/2837
January,irrelevant,irrelevant,Reviewer3,,https://github.com/square/okhttp/pull/2875
January,irrelevant,irrelevant,Reviewer3,,https://github.com/zeromq/jzmq/pull/162
January,incl_ref_for_test,widen_access_for_invocation,Reviewer3,https://github.com/GoogleCloudPlatform/google-cloud-eclipse/pull/2402/files#diff-5f2a09c8023c848cdbb8b04e3ae7a7f51e02ff4d4262e7be24180ed0124f07ceR64,https://github.com/GoogleCloudPlatform/google-cloud-eclipse/pull/2402
January,only_ref_for_test,other,Reviewer3,https://github.com/yegor256/cactoos/pull/701/files#diff-a2ebfd7e276a523a51507eda58428ebe94551df01ee3ea154b030142c0330709R86,https://github.com/yegor256/cactoos/pull/701
January,irrelevant,irrelevant,Reviewer3,,https://github.com/line/armeria/pull/2152
January,incl_ref_for_test,extract_attribute_for_assertion,Reviewer1,https://github.com/apache/druid/pull/4293/files#diff-43c79bac60356371b67f5c44af1d3914efb2b35c6b08f2b10bb53791ecba93f6R510,https://github.com/apache/druid/pull/4293
January,irrelevant,irrelevant,Reviewer1,,https://github.com/Netflix/spectator/pull/790
January,irrelevant,irrelevant,Reviewer1,,https://github.com/jenkinsci/script-security-plugin/pull/31
January,irrelevant,irrelevant,Reviewer1,,https://github.com/azkaban/azkaban/pull/1428
January,irrelevant,irrelevant,Reviewer1,,https://github.com/CorfuDB/CorfuDB/pull/1611
January,irrelevant,irrelevant,Reviewer1,,https://github.com/INRIA/spoon/pull/3303
January,only_ref_for_test,extract_class_for_invocation,Reviewer1,https://github.com/STAMP-project/dspot/pull/885/files#diff-a71dff08d6ff76a022e878bc1d39e675ac57e311402b1e9389767e4399919403R85,https://github.com/STAMP-project/dspot/pull/885
January,irrelevant,irrelevant,Reviewer1,,https://github.com/STAMP-project/dspot/pull/899
January,irrelevant,irrelevant,Reviewer1,,https://github.com/Yakindu/statecharts/pull/1071
January,only_ref_for_test,extract_class_for_override,Reviewer1,https://github.com/apache/incubator-heron/pull/1890/files#diff-bfe5798fddab9eda61eb4f9fd6517a0071634b13661993407c4312ee462a5232R110,https://github.com/apache/incubator-heron/pull/1890
January,irrelevant,irrelevant,Reviewer1,,https://github.com/apache/tika/pull/150
January,irrelevant,irrelevant,Reviewer1,,https://github.com/azkaban/azkaban/pull/1409
January,incl_ref_for_test,add_constructor_param,Reviewer1,https://github.com/bugsnag/bugsnag-android/pull/661,https://github.com/bugsnag/bugsnag-android/pull/661
January,irrelevant,irrelevant,Reviewer1,,https://github.com/castorini/anserini/pull/1317
January,irrelevant,irrelevant,Reviewer1,,https://github.com/checkstyle/checkstyle/pull/1462
January,irrelevant,irrelevant,Reviewer1,,https://github.com/confluentinc/ksql/pull/1955
January,irrelevant,irrelevant,Reviewer1,,https://github.com/forcedotcom/SalesforceMobileSDK-Android/pull/818
January,irrelevant,irrelevant,Reviewer1,,https://github.com/graknlabs/grakn/pull/1353
January,irrelevant,irrelevant,Reviewer1,,https://github.com/graknlabs/grakn/pull/611
January,irrelevant,irrelevant,Reviewer1,,https://github.com/hazelcast/hazelcast-simulator/pull/1051
January,irrelevant,irrelevant,Reviewer1,,https://github.com/hazelcast/hazelcast/pull/4682
January,irrelevant,irrelevant,Reviewer1,,https://github.com/hbz/oerworldmap/pull/968
January,incl_ref_for_test,add_constructor_param,Reviewer1,https://github.com/jaegertracing/jaeger-client-java/pull/187/files#diff-93ab49abcc083e3f3e7d604f9b3482e86be92cd17927bb8f60500dd2c1d2921bR185,https://github.com/jaegertracing/jaeger-client-java/pull/187
January,irrelevant,irrelevant,Reviewer1,,https://github.com/jitsi/jitsi-meet-torture/pull/114
January,incl_ref_for_test,extract_class_for_invocation,Reviewer1,https://github.com/k9mail/k-9/pull/536/files#diff-64c232f36b55b5f6235078f2f86d72d1ca0fe5b83eff7685eb3bb10541511399R48,https://github.com/k9mail/k-9/pull/536
January,irrelevant,irrelevant,Reviewer1,,https://github.com/microsoft/appcenter-sdk-android/pull/84
January,irrelevant,irrelevant,Reviewer1,,https://github.com/mockito/mockito/pull/501
January,incl_ref_for_test,extract_method_for_invocation,Reviewer1,,https://github.com/oracle/weblogic-kubernetes-operator/pull/322
January,irrelevant,irrelevant,Reviewer1,,https://github.com/pentaho/pentaho-metaverse/pull/76
January,only_ref_for_test,extract_method_for_override,Reviewer1,https://github.com/pentaho/pentaho-platform/pull/1739/files#diff-f50ad1c5f44512efc150354c947f3e36fa13d9d626963af6fde3fe5e346e25aeR778,https://github.com/pentaho/pentaho-platform/pull/1739
January,irrelevant,irrelevant,Reviewer1,,https://github.com/phenotips/phenotips/pull/2579
January,irrelevant,irrelevant,Reviewer1,https://github.com/reactor/reactor-core/pull/5/files#diff-3b595294e10d97100e232cdc0a109d17d494b3590ea06e464892098e22d988d2R60,https://github.com/reactor/reactor-core/pull/5
January,irrelevant,irrelevant,Reviewer1,,https://github.com/sialcasa/mvvmFX/pull/111
January,irrelevant,irrelevant,Reviewer1,,https://github.com/tronprotocol/java-tron/pull/33
January,incl_ref_for_test,add_constructor_param,Reviewer1,https://github.com/yegor256/takes/pull/200/files#diff-61dcbb1cf5c1c91c5e9b3c960bc4ebfd318760feecd9a5968c5f16d8cde7abbbR101,https://github.com/yegor256/takes/pull/200
January,incl_ref_for_test,widen_access_for_invocation,Reviewer1,https://github.com/GoogleCloudPlatform/cloud-opensource-java/pull/1239/files#diff-0f613db5dcb2f683e7f96302575d369f5f409f0bb81c6a24a0872f374d9f076aR38,https://github.com/GoogleCloudPlatform/cloud-opensource-java/pull/1239
January,irrelevant,irrelevant,Reviewer1,,https://github.com/GoogleCloudPlatform/google-cloud-eclipse/pull/1677
January,irrelevant,irrelevant,Reviewer1,,https://github.com/kiegroup/kie-wb-common/pull/397
January,irrelevant,irrelevant,Reviewer1,,https://github.com/apache/zeppelin/pull/2199
January,irrelevant,irrelevant,Reviewer1,,https://github.com/craftercms/engine/pull/207
January,irrelevant,irrelevant,Reviewer1,,https://github.com/CloudSlang/score/pull/216
January,irrelevant,irrelevant,Reviewer1,,https://github.com/SonarSource/sonar-java/pull/535
January,irrelevant,irrelevant,Reviewer1,,https://github.com/GoogleCloudPlatform/cloud-opensource-java/pull/1466
January,irrelevant,irrelevant,Reviewer1,,https://github.com/obiba/mica2/pull/235
January,irrelevant,irrelevant,Reviewer1,,https://github.com/thorntail/thorntail/pull/141
January,irrelevant,irrelevant,Reviewer1,,https://github.com/OpenGamma/Strata/pull/1840
January,irrelevant,irrelevant,Reviewer1,,https://github.com/floodlight/floodlight/pull/243
January,irrelevant,irrelevant,Reviewer1,,https://github.com/azkaban/azkaban/pull/1611
January,irrelevant,irrelevant,Reviewer1,,https://github.com/GoogleCloudPlatform/cloud-opensource-java/pull/1089
January,irrelevant,irrelevant,Reviewer1,,https://github.com/apache/druid/pull/1079
January,irrelevant,irrelevant,Reviewer1,,https://github.com/GoogleCloudPlatform/cloud-opensource-java/pull/173
January,irrelevant,irrelevant,Reviewer1,,https://github.com/mapstruct/mapstruct/pull/857
January,irrelevant,irrelevant,Reviewer1,,https://github.com/thorntail/thorntail/pull/145
January,irrelevant,irrelevant,Reviewer1,,https://github.com/enonic/xp/pull/6699
January,irrelevant,irrelevant,Reviewer1,,https://github.com/freenet/fred/pull/390
January,irrelevant,irrelevant,Reviewer1,,https://github.com/GoogleCloudPlatform/cloud-opensource-java/pull/1072
January,irrelevant,irrelevant,Reviewer1,,https://github.com/confluentinc/ksql/pull/3061
January,irrelevant,irrelevant,Reviewer1,,https://github.com/GoogleContainerTools/jib/pull/780
January,irrelevant,irrelevant,Reviewer1,,https://github.com/molgenis/molgenis/pull/5503
January,irrelevant,irrelevant,Reviewer1,,https://github.com/eclipse/birt/pull/174
January,irrelevant,irrelevant,Reviewer1,,https://github.com/GoogleCloudPlatform/cloud-opensource-java/pull/1191
January,irrelevant,irrelevant,Reviewer1,,https://github.com/project-sunbird/sunbird-lms-mw/pull/460
January,irrelevant,irrelevant,Reviewer1,,https://github.com/microsoft/ApplicationInsights-Java/pull/157
January,irrelevant,irrelevant,Reviewer1,,https://github.com/GoogleCloudPlatform/cloud-opensource-java/pull/494
January,irrelevant,irrelevant,Reviewer1,,https://github.com/GoogleCloudPlatform/google-cloud-eclipse/pull/2330
January,irrelevant,irrelevant,Reviewer1,,https://github.com/quarkusio/quarkus/pull/2617
January,irrelevant,irrelevant,Reviewer1,,https://github.com/ISISComputingGroup/ibex_gui/pull/627
January,irrelevant,irrelevant,Reviewer1,,https://github.com/rsocket/rsocket-java/pull/638
January,irrelevant,irrelevant,Reviewer1,,https://github.com/grpc/grpc-java/pull/2286
January,irrelevant,irrelevant,Reviewer1,,https://github.com/web3j/web3j/pull/784
January,irrelevant,irrelevant,Reviewer1,,https://github.com/zsmartsystems/com.zsmartsystems.zigbee/pull/590
January,irrelevant,irrelevant,Reviewer1,,https://github.com/real-logic/aeron/pull/491
January,irrelevant,irrelevant,Reviewer1,,https://github.com/oshi/oshi/pull/334
January,irrelevant,irrelevant,Reviewer1,,https://github.com/apache/flink/pull/1030
January,irrelevant,irrelevant,Reviewer1,,https://github.com/square/okhttp/pull/1280
January,incl_ref_for_test,extract_method_for_invocation,Reviewer1,https://github.com/docker-java/docker-java/pull/550/files#diff-1083d6b846e93a0ab4e445301c3cac62f8a874e2ab9d82616b4aac26e805191dR58,https://github.com/docker-java/docker-java/pull/550
January,irrelevant,irrelevant,Reviewer1,,https://github.com/infinispan/infinispan/pull/2106
January,irrelevant,irrelevant,Reviewer1,,https://github.com/census-instrumentation/opencensus-java/pull/296
January,incl_ref_for_test,extract_class_for_invocation,Reviewer1,https://github.com/googleapis/google-api-java-client/pull/1637/files#diff-e98aeadf1cd578cb012116cd3f84034ce3197e7961d41e3aff22057f8da4415dR38,https://github.com/googleapis/google-api-java-client/pull/1637
January,irrelevant,irrelevant,Reviewer1,,https://github.com/ConsenSys/tessera/pull/286
January,irrelevant,irrelevant,Reviewer1,,https://github.com/jmxtrans/jmxtrans/pull/640
January,irrelevant,irrelevant,Reviewer1,,https://github.com/apache/zeppelin/pull/558
January,irrelevant,irrelevant,Reviewer1,,https://github.com/geoserver/geoserver/pull/3270
January,irrelevant,irrelevant,Reviewer1,,https://github.com/woorea/openstack-java-sdk/pull/213
January,incl_ref_for_test,extract_method_for_override,Reviewer1,https://github.com/web3j/web3j/pull/1011/files#diff-11925b8e957d624ea447f6b31e0fb3d84c05178c5548da7a1328f079a7ae4591R125,https://github.com/web3j/web3j/pull/1011
January,irrelevant,irrelevant,Reviewer1,,https://github.com/telstra/open-kilda/pull/2143
January,irrelevant,irrelevant,Reviewer1,,https://github.com/apache/camel/pull/690
January,irrelevant,irrelevant,Reviewer1,,https://github.com/HubSpot/Singularity/pull/682
January,irrelevant,irrelevant,Reviewer1,,https://github.com/obiba/mica2/pull/241
January,irrelevant,irrelevant,Reviewer1,,https://github.com/stripe/stripe-java/pull/934
January,irrelevant,irrelevant,Reviewer1,,https://github.com/Alluxio/alluxio/pull/5091
January,irrelevant,irrelevant,Reviewer1,,https://github.com/zeromq/jzmq/pull/388
January,irrelevant,irrelevant,Reviewer1,,https://github.com/qos-ch/logback/pull/274
January,irrelevant,irrelevant,Reviewer1,,https://github.com/geoserver/geoserver/pull/3285
January,irrelevant,irrelevant,Reviewer1,,https://github.com/square/okhttp/pull/2040
January,irrelevant,irrelevant,Reviewer1,,https://github.com/ConsenSys/tessera/pull/327
January,irrelevant,irrelevant,Reviewer1,,https://github.com/zsmartsystems/com.zsmartsystems.zigbee/pull/820
January,irrelevant,irrelevant,Reviewer1,,https://github.com/Adobe-Consulting-Services/acs-aem-commons/pull/227
January,irrelevant,irrelevant,Reviewer1,,https://github.com/Cognifide/AEM-Rules-for-SonarQube/pull/39
January,irrelevant,irrelevant,Reviewer1,,https://github.com/JakeWharton/butterknife/pull/237
January,irrelevant,irrelevant,Reviewer1,,https://github.com/pentaho/pentaho-kettle/pull/865
January,irrelevant,irrelevant,Reviewer1,,https://github.com/SonarSource/sonar-java/pull/2164
January,irrelevant,irrelevant,Reviewer1,,https://github.com/apache/zeppelin/pull/3771
January,irrelevant,irrelevant,Reviewer1,,https://github.com/FortnoxAB/reactive-wizard/pull/58
January,irrelevant,irrelevant,Reviewer1,,https://github.com/JakeWharton/butterknife/pull/215
January,irrelevant,irrelevant,Reviewer1,,https://github.com/GoogleCloudPlatform/google-cloud-eclipse/pull/2533
January,irrelevant,irrelevant,Reviewer1,,https://github.com/SonarSource/sonar-java/pull/750
January,irrelevant,irrelevant,Reviewer1,,https://github.com/ExpediaDotCom/adaptive-alerting/pull/481
January,irrelevant,irrelevant,Reviewer1,,https://github.com/eclipse-archived/smarthome/pull/6413
January,irrelevant,irrelevant,Reviewer1,,https://github.com/microsoft/spring-cloud-azure/pull/60
January,irrelevant,irrelevant,Reviewer1,,https://github.com/census-instrumentation/opencensus-java/pull/1413
January,irrelevant,irrelevant,Reviewer1,,https://github.com/pentaho/pentaho-data-refinery/pull/38
January,irrelevant,irrelevant,Reviewer1,,https://github.com/traccar/traccar/pull/935
January,irrelevant,irrelevant,Reviewer1,,https://github.com/ExpediaDotCom/adaptive-alerting/pull/764
January,irrelevant,irrelevant,Reviewer1,,https://github.com/apache/druid/pull/5600
January,irrelevant,irrelevant,Reviewer1,,https://github.com/apache/beam/pull/1941
January,incl_ref_for_test,add_constructor_param,Reviewer1,https://github.com/k9mail/k-9/pull/4856/files#diff-97acc66b57cd50ae9242e82c59cd1c1fe25bee2dd31c845e9df1464cd516ac54R142,https://github.com/k9mail/k-9/pull/4856
January,irrelevant,irrelevant,Reviewer1,,https://github.com/apache/bookkeeper/pull/1393
January,irrelevant,irrelevant,Reviewer1,,https://github.com/Adobe-Consulting-Services/acs-aem-commons/pull/163
January,irrelevant,irrelevant,Reviewer1,,https://github.com/dropwizard/dropwizard/pull/2522
January,irrelevant,irrelevant,Reviewer1,,https://github.com/square/wire/pull/187
January,irrelevant,irrelevant,Reviewer1,,https://github.com/dropwizard/dropwizard/pull/1023
January,irrelevant,irrelevant,Reviewer1,,https://github.com/pentaho/pentaho-kettle/pull/1139
January,irrelevant,irrelevant,Reviewer1,,https://github.com/junkdog/artemis-odb/pull/335
January,irrelevant,irrelevant,Reviewer1,,https://github.com/apache/zeppelin/pull/2891
January,irrelevant,irrelevant,Reviewer1,,https://github.com/eclipse/eclipse-collections/pull/764
January,incl_ref_for_test,override_system_time,Reviewer1,https://github.com/firebase/firebase-android-sdk/pull/1333/files#diff-329ea845fe9ddff6aa413e47e733c53cba6df39b0905223ee9890badf53a4e5fR154,https://github.com/firebase/firebase-android-sdk/pull/1333
January,irrelevant,irrelevant,Reviewer1,,https://github.com/hazelcast/hazelcast-simulator/pull/1625
January,irrelevant,irrelevant,Reviewer1,,https://github.com/reaktivity/nukleus-http.java/pull/92
January,irrelevant,irrelevant,Reviewer1,,https://github.com/apache/zookeeper/pull/474
January,irrelevant,irrelevant,Reviewer1,,https://github.com/Sage-Bionetworks/Synapse-Repository-Services/pull/2442
January,irrelevant,irrelevant,Reviewer1,,https://github.com/apache/zeppelin/pull/492
January,irrelevant,irrelevant,Reviewer1,,https://github.com/Netflix/Hystrix/pull/1363
January,irrelevant,irrelevant,Reviewer1,,https://github.com/apache/zeppelin/pull/1005
January,irrelevant,irrelevant,Reviewer1,,https://github.com/flightstats/hub/pull/1023
January,irrelevant,irrelevant,Reviewer1,,https://github.com/hazelcast/hazelcast/pull/5114
January,irrelevant,irrelevant,Reviewer1,https://github.com/twilio/twilio-java/pull/502/files#diff-c60706ec7e475997e3261d26c77ac98aa9d4fa3383dd6db2281c285fb679f941R82,https://github.com/twilio/twilio-java/pull/502
January,irrelevant,irrelevant,Reviewer1,,https://github.com/dropwizard/dropwizard/pull/3120
January,incl_ref_for_test,extract_method_for_invocation,Reviewer1,https://github.com/apache/kafka/pull/2123/files#diff-a09470809fb4f40f51a0be2c67fb9d888277097532d4a269a38b7305c3ef289fR159,https://github.com/apache/kafka/pull/2123
January,irrelevant,irrelevant,Reviewer1,,https://github.com/kiegroup/appformer/pull/639
January,incl_ref_for_test,extract_method_for_override,Reviewer1,https://github.com/jchambers/pushy/pull/39/files#diff-d8d4d0360449e723dcea0539c99f4a9204ce7580708232190f21a5bfcfa3ffadR197,https://github.com/jchambers/pushy/pull/39
January,irrelevant,irrelevant,Reviewer1,,https://github.com/micrometer-metrics/micrometer/pull/593
January,irrelevant,irrelevant,Reviewer1,,https://github.com/grpc/grpc-java/pull/5723
January,irrelevant,irrelevant,Reviewer1,,https://github.com/datastax/java-driver/pull/850
January,irrelevant,irrelevant,Reviewer1,,https://github.com/grpc/grpc-java/pull/5364
January,irrelevant,irrelevant,Reviewer1,,https://github.com/alibaba/Sentinel/pull/1335
January,incl_ref_for_test,extract_method_for_invocation,Reviewer1,https://github.com/k9mail/k-9/pull/2203/files#diff-b8ac0fb1b435ffad47ce8daa8e43ed5ad05059a2fce0aae807d5043cbb7b8718R140,https://github.com/k9mail/k-9/pull/2203
January,irrelevant,irrelevant,Reviewer1,,https://github.com/confluentinc/common/pull/241
January,incl_ref_for_test,extract_method_for_invocation,Reviewer1,https://github.com/eclipse/rdf4j/pull/2210,https://github.com/eclipse/rdf4j/pull/2210
January,irrelevant,irrelevant,Reviewer1,,https://github.com/grpc/grpc-java/pull/4150
January,irrelevant,irrelevant,Reviewer1,,https://github.com/reactor/reactor-core/pull/1148
January,irrelevant,irrelevant,Reviewer1,,https://github.com/alibaba/Sentinel/pull/205
January,irrelevant,irrelevant,Reviewer1,,https://github.com/Netflix/hollow/pull/380
January,irrelevant,irrelevant,Reviewer1,,https://github.com/census-instrumentation/opencensus-java/pull/729
January,irrelevant,irrelevant,Reviewer1,,https://github.com/Alluxio/alluxio/pull/6776
January,irrelevant,irrelevant,Reviewer1,,https://github.com/hector-client/hector/pull/468
January,irrelevant,irrelevant,Reviewer1,,https://github.com/traccar/traccar/pull/4367
January,irrelevant,irrelevant,Reviewer1,,https://github.com/samtools/htsjdk/pull/1056
January,irrelevant,irrelevant,Reviewer1,,https://github.com/jchambers/pushy/pull/3
January,incl_ref_for_test,widen_access_for_invocation,Reviewer1,https://github.com/kiegroup/kie-wb-common/pull/45/files?diff=split&w=1#diff-2cb118bf3da16cd4a36308f48ccd8c30dd2b04af9abbd0d04581f3805c89e4aaR165,https://github.com/kiegroup/kie-wb-common/pull/45
January,incl_ref_for_test,extract_method_for_override,Reviewer1,https://github.com/kiegroup/kie-wb-common/pull/45/files?diff=split&w=1#diff-2cb118bf3da16cd4a36308f48ccd8c30dd2b04af9abbd0d04581f3805c89e4aaR45,https://github.com/kiegroup/kie-wb-common/pull/45
August,irrelevant,irrelevant,Reviewer1,,https://github.com/rollerderby/scoreboard/pull/90
August,irrelevant,irrelevant,Reviewer1,,https://github.com/ISISComputingGroup/ibex_gui/pull/650
August,irrelevant,irrelevant,Reviewer1,,https://github.com/novoda/download-manager/pull/318
August,irrelevant,irrelevant,Reviewer1,,https://github.com/ome/openmicroscopy/pull/465
August,irrelevant,irrelevant,Reviewer1,,https://github.com/palantir/atlasdb/pull/1959
August,incl_ref_for_test,extract_method_for_invocation,Reviewer1,https://github.com/apache/maven/pull/351/files#diff-47ee27138d1f3dc574d6b9bdb7e15ea07a541336a8bfda4aa050af4272cbf118R121,https://github.com/apache/maven/pull/351
August,incl_ref_for_test,extract_method_for_invocation,Reviewer1,,https://github.com/apache/maven/pull/351
August,only_ref_for_test,extract_class_for_invocation,Reviewer1,https://github.com/firebase/firebase-android-sdk/pull/575/files#diff-c799b7bd21c787536ccf81dc711a82efa061f8dda1896b94af3bc2f2d641ba97R66,https://github.com/firebase/firebase-android-sdk/pull/575
August,only_ref_for_test,extract_method_for_invocation,Reviewer1,https://github.com/bugsnag/bugsnag-android/pull/682/files#diff-ffea83a6d46d36db514a51cd675a8fea9b3779bb079d5739ba65427e26d32c01R159,https://github.com/bugsnag/bugsnag-android/pull/682
August,incl_ref_for_test,extract_method_for_invocation,Reviewer1,https://github.com/ankidroid/Anki-Android/pull/5815/files#diff-76eaf6fee9aa0f3198591dcc660995763061eb0ac958576c81eb22dd509032c5R233,https://github.com/ankidroid/Anki-Android/pull/5815
August,irrelevant,irrelevant,Reviewer1,,https://github.com/getodk/collect/pull/1484
August,only_ref_for_test,extract_method_for_override,Reviewer1,,https://github.com/pentaho/pentaho-platform/pull/3114
August,only_ref_for_test,extract_class_for_override,Reviewer1,https://github.com/getodk/collect/pull/1581/files?diff=split&w=1#diff-0d069a15315643fda966bba2c34be67f0c3a2bc515af3b1bbbb0c1da89644fdaR382,https://github.com/getodk/collect/pull/1581
August,only_ref_for_test,extract_class_for_override,Reviewer1,https://github.com/Nike-Inc/cerberus/pull/23/files?diff=split&w=1#diff-1451ab69a06229b2ebc2fd83622963bbf95bd6faa762b7c098286defd3a21076R40,https://github.com/Nike-Inc/cerberus/pull/23
August,irrelevant,irrelevant,Reviewer1,,https://github.com/aerogear/aerogear-unifiedpush-server/pull/480
August,incl_ref_for_test,extract_class_for_override,Reviewer1,https://github.com/dbfit/dbfit/pull/163/files#diff-decaf779f48a63eeccd63806b9ddd5db783a5bd6fc575343beb46796da209528R20,https://github.com/dbfit/dbfit/pull/163
August,irrelevant,irrelevant,Reviewer1,,https://github.com/AzureAD/microsoft-authentication-library-for-android/pull/473
August,only_ref_for_test,widen_access_for_invocation,Reviewer1,,https://github.com/reactor/reactor-core/pull/9
August,only_ref_for_test,widen_access_for_invocation,Reviewer1,,https://github.com/Azure/azure-event-hubs-java/pull/435
August,only_ref_for_test,other,Reviewer1,https://github.com/getodk/collect/pull/3886/files#diff-79f0075d3235fe2d8d27effc56a95f8289b2b17ed351a15609b1781b6e53a698R41,https://github.com/getodk/collect/pull/3886
August,only_ref_for_test,extract_method_for_override,Reviewer1,,https://github.com/pinpoint-apm/pinpoint/pull/316
August,irrelevant,irrelevant,Reviewer1,,https://github.com/ankidroid/Anki-Android/pull/5054
August,incl_ref_for_test,add_constructor_param,Reviewer1,https://github.com/apache/bookkeeper/pull/2333/files#diff-2824c64a13c57f42fd58dbb382db0ba701e3d56850aaaae1f2e3062c2af0ce35R92,https://github.com/apache/bookkeeper/pull/2333
August,incl_ref_for_test,extract_method_for_invocation,Reviewer1,https://github.com/apache/bookkeeper/pull/2333/files#diff-2824c64a13c57f42fd58dbb382db0ba701e3d56850aaaae1f2e3062c2af0ce35R104,https://github.com/apache/bookkeeper/pull/2333
August,irrelevant,irrelevant,Reviewer1,,https://github.com/pentaho/pentaho-kettle/pull/1541
August,only_ref_for_test,inject_dependency,Reviewer1,none,https://github.com/MovingBlocks/Terasology/pull/2908
August,only_ref_for_test,add_constructor_param,Reviewer1,https://github.com/dropwizard/metrics/pull/116/files#diff-d9a09c3f1b53a8f756911eb0a400d67c59c687791c096cf626b1e2a1b4be74aaR26,https://github.com/dropwizard/metrics/pull/116
August,only_ref_for_test,other,Reviewer1,none relevant,https://github.com/firebase/firebase-android-sdk/pull/347
August,incl_ref_for_test,widen_access_for_invocation,Reviewer1,https://github.com/apache/druid/pull/2102/files?diff=split&w=1#diff-e950e106eae9e2f26999124f3fae7e88634a16107ee35a04069d87fa41ad1826R28,https://github.com/apache/druid/pull/2102
August,incl_ref_for_test,extract_method_for_override,Reviewer1,https://github.com/apache/incubator-heron/pull/536/files#diff-820861ac4ea7086f46317314e8059c00f57b88654a5686ecd12f05ba8c1923fbR83,https://github.com/apache/incubator-heron/pull/536
August,incl_ref_for_test,extract_method_for_override,Reviewer1,https://github.com/apache/incubator-heron/pull/694/files?diff=split&w=1#diff-77f1245f023be9c064b1fcb1e3ceeb1ad11b0225e3cdc46f4e51cfd91fb2360fR151,https://github.com/apache/incubator-heron/pull/694
August,incl_ref_for_test,extract_method_for_override,Reviewer1,https://github.com/apache/rocketmq/pull/198/files?diff=split&w=1#diff-888e25c81c467714bdeb51d54b8e3b952a506af0f7650c79533fbe315fb9ed6eR200,https://github.com/apache/rocketmq/pull/198
August,only_ref_for_test,create_constructor,Reviewer1,https://github.com/dhis2/dhis2-core/pull/2892/files#diff-cae831a7322730eab31218eb7badcf1d4dfaddc53eac0ca2363a8a12e090a75dR85,https://github.com/dhis2/dhis2-core/pull/2892
August,incl_ref_for_test,extract_method_for_override,Reviewer1,https://github.com/GoogleCloudPlatform/cloud-opensource-java/pull/349/files#diff-7c09eed805ddb41c99b57feea50bf5d59b95d17815a84f6a3861452d9b571d04R40,https://github.com/GoogleCloudPlatform/cloud-opensource-java/pull/349
August,incl_ref_for_test,extract_method_for_override,Reviewer1,https://github.com/jchambers/pushy/pull/43/files#diff-19fde06362be0daf2b96f5b5ed361775e6646dd7a1e47875f5cc868966d4a33dR431,https://github.com/jchambers/pushy/pull/43
August,incl_ref_for_test,widen_access_for_override,Reviewer1,https://github.com/OpenRefine/OpenRefine/pull/2839/files#diff-367c88cfad59847336f818d4276255a5c1c23cf155073ae8a5511d8521c3eeeaR59,https://github.com/OpenRefine/OpenRefine/pull/2839
August,only_ref_for_test,extract_method_for_override,Reviewer1,https://github.com/pentaho/pentaho-platform/pull/1449/files#diff-307cfab7ed4f8c91d6d74df4ff65b3ad7743ec0815e0f7985f492b2a0c9c9fa7R118,https://github.com/pentaho/pentaho-platform/pull/1449
August,incl_ref_for_test,extract_attribute_for_assertion,Reviewer1,https://github.com/pentaho/pentaho-platform/pull/1942/files#diff-ba3c1fc9f31c319dc59cb2031cb299d8c97ae74faac94405dd9ff7efa84a3b42R89,https://github.com/pentaho/pentaho-platform/pull/1942
August,incl_ref_for_test,extract_method_for_override,Reviewer1,https://github.com/pinpoint-apm/pinpoint/pull/1082/files?diff=split&w=1#diff-994b13c954de61f3d87f138004e80b5659a4bb0f937604228c1fb5f1d10c3fceR96,https://github.com/pinpoint-apm/pinpoint/pull/1082
August,incl_ref_for_test,widen_access_for_invocation,Reviewer1,https://github.com/telstra/open-kilda/pull/1965/files#diff-30692f9e360e42c107da2d60d08805107767494f36eff9571e02e1be81bc7ff8R382,https://github.com/telstra/open-kilda/pull/1965
August,incl_ref_for_test,widen_access_for_invocation,Reviewer1,https://github.com/telstra/open-kilda/pull/1965/files#diff-adc2471711aa024319d50ff00213918462d33b605e29e95a847bff86c141e4d1R233,https://github.com/telstra/open-kilda/pull/1965
August,incl_ref_for_test,extract_class_for_invocation,Reviewer1,https://github.com/Texera/texera/pull/350/files?diff=split&w=1#diff-89f7a47281c399deaae7428aa78a122a297f46678bab0a145acbe54b09676151R54,https://github.com/Texera/texera/pull/350
August,only_ref_for_test,extract_class_for_invocation,Reviewer1,https://github.com/ConsenSys/tessera/pull/174/files#diff-40082e60499a6b7e3419f1b682c5270007b41c0be507defde4f5e48b76c2ace6R24,https://github.com/ConsenSys/tessera/pull/174
August,only_ref_for_test,extract_method_for_invocation,Reviewer1,https://github.com/dhis2/dhis2-core/pull/1943/files?diff=split&w=1#diff-b9a2fff01cc9cc92d64d4724f0202f72101142947638267e33acc4ec200ee8fbR111,https://github.com/dhis2/dhis2-core/pull/1943
August,only_ref_for_test,extract_method_for_invocation,Reviewer1,https://github.com/GoogleCloudPlatform/google-cloud-eclipse/pull/1969/files?diff=split&w=1#diff-eeb575b530450ac30e8b3cc876ee53da8e03b9a77da6c8765e4f885e85f68da8R59,https://github.com/GoogleCloudPlatform/google-cloud-eclipse/pull/1969
August,incl_ref_for_test,extract_method_for_invocation,Reviewer1,https://github.com/dropwizard/dropwizard/pull/198/files?diff=split&w=1#diff-4c50e118826c32661016badcaa59937026b8c97028a04e05caba220a9e88faa8R26,https://github.com/dropwizard/dropwizard/pull/198
August,incl_ref_for_test,extract_class_for_override,Reviewer1,https://github.com/novoda/download-manager/pull/127/files?diff=split&w=1#diff-329ded0187619d3e5affc60ab6ab837d2a48b4cd951931c6fd7d9e072b026f26R32,https://github.com/novoda/download-manager/pull/127
August,irrelevant,irrelevant,Reviewer1,,https://github.com/pentaho/pentaho-platform/pull/1705
August,irrelevant,irrelevant,Reviewer1,,https://github.com/OpenRefine/OpenRefine/pull/2833
August,irrelevant,irrelevant,Reviewer1,,https://github.com/apache/beam/pull/317
August,irrelevant,irrelevant,Reviewer1,,https://github.com/JabRef/jabref/pull/187
August,irrelevant,irrelevant,Reviewer1,,https://github.com/Alluxio/alluxio/pull/2352
August,irrelevant,irrelevant,Reviewer1,,https://github.com/tmobile/pacbot/pull/275
August,irrelevant,irrelevant,Reviewer1,,https://github.com/molgenis/molgenis/pull/2329
August,irrelevant,irrelevant,Reviewer1,,https://github.com/radixdlt/radixdlt-java/pull/172
August,irrelevant,irrelevant,Reviewer1,,https://github.com/neo4j-contrib/neo4j-apoc-procedures/pull/1348
August,irrelevant,irrelevant,Reviewer1,,https://github.com/apache/storm/pull/2236
August,irrelevant,irrelevant,Reviewer1,,https://github.com/web3j/web3j/pull/39
August,irrelevant,irrelevant,Reviewer1,,https://github.com/rsksmart/rskj/pull/242
August,irrelevant,irrelevant,Reviewer1,,https://github.com/asakusafw/asakusafw/pull/824
August,irrelevant,irrelevant,Reviewer1,,https://github.com/GoogleCloudPlatform/appengine-plugins-core/pull/676
August,irrelevant,irrelevant,Reviewer1,,https://github.com/jmxtrans/jmxtrans/pull/406
August,irrelevant,irrelevant,Reviewer1,,https://github.com/oracle/helidon/pull/1525
August,irrelevant,irrelevant,Reviewer1,,https://github.com/line/armeria/pull/1260
August,irrelevant,irrelevant,Reviewer1,,https://github.com/jmxtrans/jmxtrans/pull/735
August,irrelevant,irrelevant,Reviewer1,,https://github.com/samtools/htsjdk/pull/36
August,irrelevant,irrelevant,Reviewer1,,https://github.com/STAMP-project/dspot/pull/748
August,irrelevant,irrelevant,Reviewer1,,https://github.com/UnionVMS/UVMS-AssetModule-APP/pull/565
August,irrelevant,irrelevant,Reviewer1,,https://github.com/windup/windup/pull/414
August,irrelevant,irrelevant,Reviewer1,,https://github.com/openmrs/openmrs-core/pull/1551
August,irrelevant,irrelevant,Reviewer1,,https://github.com/exonum/exonum-java-binding/pull/140
August,irrelevant,irrelevant,Reviewer1,,https://github.com/TheAlgorithms/Java/pull/754
August,irrelevant,irrelevant,Reviewer1,,https://github.com/checkstyle/checkstyle/pull/3587
August,irrelevant,irrelevant,Reviewer1,,https://github.com/seata/seata/pull/2759
August,irrelevant,irrelevant,Reviewer1,,https://github.com/grpc/grpc-java/pull/2452
August,irrelevant,irrelevant,Reviewer1,,https://github.com/NationalSecurityAgency/datawave/pull/458
August,irrelevant,irrelevant,Reviewer1,,https://github.com/TestFX/TestFX/pull/100
August,irrelevant,irrelevant,Reviewer1,,https://github.com/jcabi/jcabi-http/pull/183
August,irrelevant,irrelevant,Reviewer1,,https://github.com/intuit/karate/pull/1314
August,irrelevant,irrelevant,Reviewer1,,https://github.com/pentaho/pentaho-platform/pull/3677
August,irrelevant,irrelevant,Reviewer1,,https://github.com/Texera/texera/pull/160
August,irrelevant,irrelevant,Reviewer1,,https://github.com/square/okio/pull/257
August,irrelevant,irrelevant,Reviewer1,,https://github.com/SonarSource/sonar-java/pull/189
August,irrelevant,irrelevant,Reviewer1,,https://github.com/bazelbuild/bazel/pull/5094
August,irrelevant,irrelevant,Reviewer1,,https://github.com/yahoo/athenz/pull/46
August,irrelevant,irrelevant,Reviewer1,,https://github.com/line/armeria/pull/1675
August,irrelevant,irrelevant,Reviewer1,,https://github.com/CorfuDB/CorfuDB/pull/1052
August,irrelevant,irrelevant,Reviewer1,,https://github.com/checkstyle/checkstyle/pull/329
August,irrelevant,irrelevant,Reviewer1,,https://github.com/dropwizard/dropwizard/pull/2741
August,irrelevant,irrelevant,Reviewer1,,https://github.com/PegaSysEng/pantheon/pull/809
August,irrelevant,irrelevant,Reviewer1,,https://github.com/bazelbuild/bazel/pull/5334
August,irrelevant,irrelevant,Reviewer1,,https://github.com/cdk/cdk/pull/106
August,irrelevant,irrelevant,Reviewer1,,https://github.com/linkedin/ambry/pull/1566
August,irrelevant,irrelevant,Reviewer1,,https://github.com/GoogleCloudPlatform/appengine-plugins-core/pull/314
August,irrelevant,irrelevant,Reviewer1,,https://github.com/yegor256/takes/pull/507
August,irrelevant,irrelevant,Reviewer1,,https://github.com/apache/shardingsphere/pull/1662
August,irrelevant,irrelevant,Reviewer1,,https://github.com/geoserver/geoserver/pull/1199
August,irrelevant,irrelevant,Reviewer1,,https://github.com/tborzyszkowski/DesignPatterns/pull/180
August,irrelevant,irrelevant,Reviewer1,,https://github.com/scijava/scijava-common/pull/332
August,irrelevant,irrelevant,Reviewer1,,https://github.com/apache/commons-lang/pull/61
August,irrelevant,irrelevant,Reviewer1,,https://github.com/apache/druid/pull/399
August,irrelevant,irrelevant,Reviewer1,,https://github.com/microsoft/appcenter-sdk-android/pull/297
August,irrelevant,irrelevant,Reviewer1,,https://github.com/pinpoint-apm/pinpoint/pull/231
August,irrelevant,irrelevant,Reviewer1,,https://github.com/grpc/grpc-java/pull/5290
August,irrelevant,irrelevant,Reviewer1,,https://github.com/checkstyle/checkstyle/pull/1494
August,irrelevant,irrelevant,Reviewer1,,https://github.com/microsoft/ApplicationInsights-Java/pull/816
August,irrelevant,irrelevant,Reviewer1,,https://github.com/zsmartsystems/com.zsmartsystems.zigbee/pull/472
August,irrelevant,irrelevant,Reviewer1,,https://github.com/palantir/atlasdb/pull/4620
August,irrelevant,irrelevant,Reviewer1,,https://github.com/castorini/anserini/pull/899
August,irrelevant,irrelevant,Reviewer1,,https://github.com/optimizely/android-sdk/pull/189
August,irrelevant,irrelevant,Reviewer1,,https://github.com/enonic/xp/pull/1530
August,irrelevant,irrelevant,Reviewer1,,https://github.com/jenkinsci/jira-plugin/pull/63
August,irrelevant,irrelevant,Reviewer1,,https://github.com/azkaban/azkaban/pull/1056
August,irrelevant,irrelevant,Reviewer1,,https://github.com/tomakehurst/wiremock/pull/577
August,irrelevant,irrelevant,Reviewer1,,https://github.com/geotools/geotools/pull/141
August,irrelevant,irrelevant,Reviewer1,,https://github.com/palantir/atlasdb/pull/4265
August,irrelevant,irrelevant,Reviewer1,,https://github.com/broadinstitute/picard/pull/732
August,irrelevant,irrelevant,Reviewer1,,https://github.com/atlasapi/atlas/pull/358
August,irrelevant,irrelevant,Reviewer1,,https://github.com/apache/maven/pull/363
August,irrelevant,irrelevant,Reviewer1,,https://github.com/tomakehurst/wiremock/pull/320
August,irrelevant,irrelevant,Reviewer1,,https://github.com/hmcts/ethos-repl-docmosis-service/pull/78
August,irrelevant,irrelevant,Reviewer1,,https://github.com/Atmosphere/atmosphere/pull/1221
August,irrelevant,irrelevant,Reviewer1,,https://github.com/pentaho/modeler/pull/283
August,irrelevant,irrelevant,Reviewer1,,https://github.com/GoogleCloudPlatform/google-cloud-eclipse/pull/1862
August,irrelevant,irrelevant,Reviewer1,,https://github.com/azkaban/azkaban/pull/1439
August,irrelevant,irrelevant,Reviewer1,,https://github.com/SmarterApp/RDW_Reporting/pull/1054
August,irrelevant,irrelevant,Reviewer1,,https://github.com/docker-java/docker-java/pull/41
August,irrelevant,irrelevant,Reviewer1,,https://github.com/floodlight/floodlight/pull/160
August,irrelevant,irrelevant,Reviewer1,,https://github.com/ConsenSys/tessera/pull/200
August,irrelevant,irrelevant,Reviewer1,,https://github.com/qos-ch/logback/pull/214
August,irrelevant,irrelevant,Reviewer1,,https://github.com/linkedin/ambry/pull/413
August,irrelevant,irrelevant,Reviewer1,,https://github.com/pinpoint-apm/pinpoint/pull/277
August,irrelevant,irrelevant,Reviewer1,,https://github.com/OpenGamma/Strata/pull/702
August,irrelevant,irrelevant,Reviewer1,,https://github.com/SonarSource/sonar-java/pull/2
August,irrelevant,irrelevant,Reviewer1,,https://github.com/micrometer-metrics/micrometer/pull/1647
August,irrelevant,irrelevant,Reviewer1,,https://github.com/project-sunbird/sunbird-learning-platform/pull/866
August,irrelevant,irrelevant,Reviewer1,,https://github.com/Graylog2/graylog2-server/pull/2529
August,irrelevant,irrelevant,Reviewer1,,https://github.com/matsim-org/matsim-libs/pull/997
August,irrelevant,irrelevant,Reviewer1,,https://github.com/Atmosphere/atmosphere/pull/1781
August,irrelevant,irrelevant,Reviewer1,,https://github.com/square/wire/pull/619
August,irrelevant,irrelevant,Reviewer1,,https://github.com/find-sec-bugs/find-sec-bugs/pull/266
August,irrelevant,irrelevant,Reviewer1,,https://github.com/SonarSource/sonar-java/pull/462
August,irrelevant,irrelevant,Reviewer1,,https://github.com/strimzi/strimzi-kafka-operator/pull/2564
August,irrelevant,irrelevant,Reviewer1,,https://github.com/thorntail/thorntail/pull/246
August,irrelevant,irrelevant,Reviewer1,,https://github.com/grpc/grpc-java/pull/6526
August,irrelevant,irrelevant,Reviewer1,,https://github.com/census-instrumentation/opencensus-java/pull/282
August,irrelevant,irrelevant,Reviewer1,,https://github.com/mybatis/guice/pull/108
August,irrelevant,irrelevant,Reviewer1,,https://github.com/spring-projects/spring-framework/pull/1116
August,irrelevant,irrelevant,Reviewer1,,https://github.com/pentaho/pentaho-platform/pull/1913
